,id,expectedmoney,capital,foodtype_고기,foodtype_디저트,foodtype_베이커리,foodtype_분식,foodtype_일식,foodtype_중식,foodtype_치킨,foodtype_커피,foodtype_패스트푸드,foodtype_퓨전음식,foodtype_한식,locate_경기,locate_서울,locate_인천
0,723583,1780.0,20000,1,0,0,0,0,0,0,0,0,0,0,0,1,0
2,720667,890.0,18000,0,0,0,0,0,0,0,0,0,1,0,0,1,0
3,722103,1550.0,11000,0,0,0,0,0,0,0,0,0,1,0,0,1,0
4,722222,3750.0,42000,0,0,0,0,0,0,0,0,0,1,0,1,0,0
5,597994,1800.0,23000,0,0,0,0,0,0,0,0,0,1,0,0,0,1
7,718264,900.0,21000,0,0,0,0,0,0,0,0,0,1,0,0,1,0
8,722525,2470.0,29000,0,0,1,0,0,0,0,0,0,0,0,0,1,0
9,715347,1070.0,23000,0,0,1,0,0,0,0,0,0,0,0,0,1,0
10,672747,900.0,12000,0,0,1,0,0,0,0,0,0,0,0,0,1,0
11,672797,900.0,12000,0,0,1,0,0,0,0,0,0,0,0,0,1,0
12,721195,1340.0,56000,0,0,1,0,0,0,0,0,0,0,0,0,0,1
14,652087,450.0,9000,0,0,1,0,0,0,0,0,0,0,0,0,1,0
15,710962,900.0,18000,0,0,1,0,0,0,0,0,0,0,0,0,1,0
16,715205,770.0,25000,0,0,1,0,0,0,0,0,0,0,0,1,0,0
17,722591,1420.0,55000,0,0,1,0,0,0,0,0,0,0,0,0,1,0
18,720663,825.0,16500,0,0,1,0,0,0,0,0,0,0,0,0,0,1
20,722100,730.0,15000,0,0,0,0,0,0,0,0,1,0,0,0,1,0
21,721201,1000.0,35000,0,0,1,0,0,0,0,0,0,0,0,0,1,0
22,718750,950.0,17000,0,0,1,0,0,0,0,0,0,0,0,0,1,0
23,715334,710.0,23000,0,0,1,0,0,0,0,0,0,0,0,0,1,0
24,712420,1130.0,35000,0,0,1,0,0,0,0,0,0,0,0,0,0,1
25,682668,915.0,24000,0,0,1,0,0,0,0,0,0,0,0,1,0,0
26,715207,770.0,25000,0,0,1,0,0,0,0,0,0,0,0,1,0,0
27,722559,1750.0,25000,0,0,1,0,0,0,0,0,0,0,0,0,1,0
28,721783,680.0,25000,0,0,1,0,0,0,0,0,0,0,0,0,1,0
29,722565,1480.0,51000,0,0,1,0,0,0,0,0,0,0,0,0,1,0
30,721557,800.0,19000,0,0,1,0,0,0,0,0,0,0,0,0,1,0
31,696350,1250.0,17000,0,0,1,0,0,0,0,0,0,0,0,0,1,0
32,721123,1350.0,28000,0,0,1,0,0,0,0,0,0,0,0,1,0,0
33,710907,1200.0,25000,0,0,1,0,0,0,0,0,0,0,0,0,1,0
35,716966,2470.0,29000,0,0,1,0,0,0,0,0,0,0,0,0,1,0
37,710960,850.0,16000,0,0,1,0,0,0,0,0,0,0,0,0,1,0
38,723623,1780.0,20000,1,0,0,0,0,0,0,0,0,0,0,0,1,0
39,720898,670.0,37000,0,0,1,0,0,0,0,0,0,0,0,1,0,0
40,715204,770.0,25000,0,0,1,0,0,0,0,0,0,0,0,1,0,0
41,716979,1750.0,25000,0,0,1,0,0,0,0,0,0,0,0,0,1,0
42,721444,1340.0,56000,0,0,1,0,0,0,0,0,0,0,0,0,1,0
43,718148,1350.0,28000,0,0,1,0,0,0,0,0,0,0,0,1,0,0
44,718752,900.0,18000,0,0,1,0,0,0,0,0,0,0,0,0,1,0
45,710973,850.0,24000,0,0,1,0,0,0,0,0,0,0,0,0,1,0
47,675019,1500.0,17000,0,0,1,0,0,0,0,0,0,0,0,0,1,0
48,710923,900.0,18000,0,0,1,0,0,0,0,0,0,0,0,0,1,0
49,710940,1200.0,25000,0,0,1,0,0,0,0,0,0,0,0,0,1,0
50,721214,1000.0,35000,0,0,1,0,0,0,0,0,0,0,0,0,1,0
51,705483,680.0,25000,0,0,1,0,0,0,0,0,0,0,0,0,1,0
52,715206,770.0,25000,0,0,1,0,0,0,0,0,0,0,0,1,0,0
53,712407,800.0,25000,0,0,1,0,0,0,0,0,0,0,0,0,1,0
54,662355,1300.0,16000,0,0,1,0,0,0,0,0,0,0,0,1,0,0
55,719867,650.0,13000,0,0,1,0,0,0,0,0,0,0,0,0,0,1
56,722980,1000.0,38000,0,0,1,0,0,0,0,0,0,0,0,0,0,1
57,698847,1380.0,22000,0,0,1,0,0,0,0,0,0,0,0,0,1,0
59,649232,1080.0,25000,0,0,1,0,0,0,0,0,0,0,0,1,0,0
60,723407,1200.0,58000,0,0,1,0,0,0,0,0,0,0,0,0,1,0
61,652105,750.0,15000,0,0,1,0,0,0,0,0,0,0,0,0,0,1
62,723361,1000.0,38000,0,0,1,0,0,0,0,0,0,0,0,0,0,1
63,704133,740.0,22000,0,0,1,0,0,0,0,0,0,0,0,0,0,1
64,720345,1200.0,38000,0,0,1,0,0,0,0,0,0,0,0,0,1,0
65,723447,1200.0,58000,0,0,1,0,0,0,0,0,0,0,0,0,1,0
66,722177,1160.0,29000,0,0,1,0,0,0,0,0,0,0,0,1,0,0
67,679340,1250.0,15000,0,0,1,0,0,0,0,0,0,0,0,0,1,0
68,716279,1040.0,28000,0,0,1,0,0,0,0,0,0,0,0,0,1,0
69,719593,1800.0,46000,0,0,1,0,0,0,0,0,0,0,0,0,1,0
70,722855,1080.0,25000,0,0,1,0,0,0,0,0,0,0,0,1,0,0
71,704132,740.0,22000,0,0,1,0,0,0,0,0,0,0,0,1,0,0
72,723521,1000.0,38000,0,0,1,0,0,0,0,0,0,0,0,0,0,1
73,723481,1000.0,38000,0,0,1,0,0,0,0,0,0,0,0,0,0,1
74,720561,1230.0,65000,0,0,1,0,0,0,0,0,0,0,0,1,0,0
75,675012,1250.0,15000,0,0,1,0,0,0,0,0,0,0,0,0,1,0
76,721150,450.0,12000,0,0,0,1,0,0,0,0,0,0,0,0,1,0
78,698790,700.0,15000,0,0,1,0,0,0,0,0,0,0,0,0,0,1
79,723401,1000.0,38000,0,0,1,0,0,0,0,0,0,0,0,0,0,1
80,712481,710.0,12000,0,0,1,0,0,0,0,0,0,0,0,1,0,0
82,695566,900.0,9000,0,0,0,1,0,0,0,0,0,0,0,0,1,0
83,715374,1050.0,9000,0,0,0,1,0,0,0,0,0,0,0,0,1,0
84,718269,570.0,6500,0,0,0,1,0,0,0,0,0,0,0,0,1,0
85,723307,2500.0,55000,0,0,0,1,0,0,0,0,0,0,0,0,1,0
86,720380,1180.0,9500,0,0,0,1,0,0,0,0,0,0,0,0,1,0
87,714520,960.0,9500,0,0,0,1,0,0,0,0,0,0,0,0,1,0
88,675436,800.0,9000,0,0,0,1,0,0,0,0,0,0,0,0,1,0
89,721731,1380.0,18000,0,0,0,1,0,0,0,0,0,0,0,0,1,0
90,721734,550.0,6000,0,0,0,1,0,0,0,0,0,0,0,1,0,0
91,721197,1180.0,13500,0,0,0,0,0,1,0,0,0,0,0,0,1,0
92,723541,2150.0,15000,0,0,0,0,0,1,0,0,0,0,0,0,1,0
93,708071,2100.0,23000,0,0,0,0,0,1,0,0,0,0,0,0,1,0
94,708070,2100.0,23000,0,0,0,0,0,1,0,0,0,0,0,0,1,0
95,720649,880.0,5000,0,0,0,0,0,1,0,0,0,0,0,1,0,0
96,720599,1660.0,33300,0,0,0,0,1,0,0,0,0,0,0,0,1,0
97,720814,1600.0,11000,0,0,0,0,1,0,0,0,0,0,0,0,1,0
98,722233,685.0,8000,0,0,0,0,1,0,0,0,0,0,0,0,1,0
99,720781,1340.0,13000,0,0,0,0,1,0,0,0,0,0,0,0,1,0
100,715738,1000.0,8000,0,0,0,0,1,0,0,0,0,0,0,1,0,0
101,720598,1660.0,33300,0,0,0,0,1,0,0,0,0,0,0,0,1,0
102,722230,3750.0,42000,0,0,0,0,1,0,0,0,0,0,0,1,0,0
103,720617,930.0,8000,0,0,0,0,1,0,0,0,0,0,0,1,0,0
104,720595,1660.0,33300,0,0,0,0,1,0,0,0,0,0,0,0,1,0
105,721145,2020.0,44000,0,0,0,0,1,0,0,0,0,0,0,0,1,0
106,721212,800.0,5500,0,0,0,0,1,0,0,0,0,0,0,1,0,0
108,715801,1650.0,35000,0,0,0,0,0,0,0,1,0,0,0,0,1,0
109,715783,1950.0,35000,0,0,0,0,0,0,0,1,0,0,0,1,0,0
112,720213,1352.0,32000,0,0,0,0,0,0,0,1,0,0,0,1,0,0
113,710377,2300.0,35000,0,0,0,0,0,0,0,1,0,0,0,0,1,0
114,720289,835.0,25000,0,1,0,0,0,0,0,0,0,0,0,1,0,0
115,722199,1100.0,35000,0,0,0,1,0,0,0,0,0,0,0,0,1,0
116,715391,810.0,9000,0,1,0,0,0,0,0,0,0,0,0,0,1,0
117,715458,860.0,9000,0,1,0,0,0,0,0,0,0,0,0,0,1,0
118,689851,500.0,4600,0,1,0,0,0,0,0,0,0,0,0,0,1,0
119,722226,1150.0,23000,0,1,0,0,0,0,0,0,0,0,0,1,0,0
120,665712,800.0,8000,0,1,0,0,0,0,0,0,0,0,0,1,0,0
121,679332,1000.0,12000,0,1,0,0,0,0,0,0,0,0,0,1,0,0
122,720660,1020.0,25000,0,1,0,0,0,0,0,0,0,0,0,0,1,0
123,722963,500.0,4600,0,1,0,0,0,0,0,0,0,0,0,0,1,0
124,722937,950.0,14500,0,1,0,0,0,0,0,0,0,0,0,0,0,1
125,722972,900.0,19500,0,1,0,0,0,0,0,0,0,0,0,0,0,1
126,710371,1300.0,21000,0,1,0,0,0,0,0,0,0,0,0,0,1,0
127,609437,2000.0,25000,0,1,0,0,0,0,0,0,0,0,0,0,1,0
128,710986,700.0,6500,0,1,0,0,0,0,0,0,0,0,0,0,1,0
129,672822,1000.0,12000,0,1,0,0,0,0,0,0,0,0,0,1,0,0
130,720582,1020.0,26000,0,1,0,0,0,0,0,0,0,0,0,0,1,0
131,721185,470.0,8000,0,1,0,0,0,0,0,0,0,0,0,0,0,1
132,710919,700.0,6500,0,1,0,0,0,0,0,0,0,0,0,0,1,0
134,651426,1450.0,18000,0,1,0,0,0,0,0,0,0,0,0,1,0,0
136,722522,2300.0,15000,1,0,0,0,0,0,0,0,0,0,0,1,0,0
137,721545,1620.0,15000,1,0,0,0,0,0,0,0,0,0,0,0,1,0
138,715781,3700.0,35000,1,0,0,0,0,0,0,0,0,0,0,1,0,0
139,720655,1380.0,15000,1,0,0,0,0,0,0,0,0,0,0,1,0,0
140,722149,3070.0,35000,1,0,0,0,0,0,0,0,0,0,0,1,0,0
141,720863,3070.0,35000,1,0,0,0,0,0,0,0,0,0,0,1,0,0
142,722195,3070.0,35000,1,0,0,0,0,0,0,0,0,0,0,1,0,0
143,721056,1950.0,23000,1,0,0,0,0,0,0,0,0,0,0,1,0,0
145,722095,1470.0,21500,1,0,0,0,0,0,0,0,0,0,0,0,1,0
146,723588,3070.0,35000,1,0,0,0,0,0,0,0,0,0,0,1,0,0
147,679635,3700.0,35000,1,0,0,0,0,0,0,0,0,0,0,1,0,0
148,723603,3070.0,35000,1,0,0,0,0,0,0,0,0,0,0,1,0,0
149,723594,3070.0,35000,1,0,0,0,0,0,0,0,0,0,0,1,0,0
150,701697,1420.0,14000,1,0,0,0,0,0,0,0,0,0,0,0,1,0
152,721108,1950.0,23000,1,0,0,0,0,0,0,0,0,0,0,1,0,0
153,721725,1152.0,16000,1,0,0,0,0,0,0,0,0,0,0,0,1,0
154,722164,3070.0,35000,1,0,0,0,0,0,0,0,0,0,0,1,0,0
155,681915,2350.0,28500,1,0,0,0,0,0,0,0,0,0,0,0,1,0
156,623450,2350.0,28500,1,0,0,0,0,0,0,0,0,0,0,0,1,0
157,722228,685.0,8000,0,0,0,0,0,0,0,0,0,0,1,0,1,0
160,722225,685.0,8000,0,0,0,0,0,0,0,0,0,0,1,0,1,0
161,722229,685.0,8000,0,0,0,0,0,0,0,0,0,0,1,0,1,0
162,723666,2250.0,14000,0,0,0,0,0,0,0,0,0,0,1,0,1,0
163,723106,840.0,8000,0,0,0,0,0,0,0,0,1,0,0,1,0,0
164,682688,1270.0,23000,0,0,0,0,0,0,0,0,1,0,0,0,0,1
165,722861,1400.0,45000,0,0,0,0,0,0,0,0,1,0,0,0,1,0
166,718585,1100.0,15000,0,0,0,0,0,0,0,0,1,0,0,0,1,0
167,721565,1100.0,12000,0,0,0,0,0,0,0,0,1,0,0,0,1,0
168,722515,1020.0,9000,0,0,0,0,0,0,0,0,1,0,0,0,1,0
169,716972,1020.0,12000,0,0,0,0,0,0,0,0,1,0,0,1,0,0
171,698805,760.0,7000,0,0,0,0,0,0,0,0,1,0,0,1,0,0
174,723203,1600.0,19500,0,0,0,0,0,0,1,0,0,0,0,0,1,0
175,712504,630.0,7000,0,0,0,0,0,0,1,0,0,0,0,1,0,0
176,710945,1180.0,14000,0,0,0,0,0,0,1,0,0,0,0,0,1,0
177,715760,550.0,6000,0,0,0,0,0,0,1,0,0,0,0,0,1,0
178,710993,1650.0,12000,0,0,0,0,0,0,1,0,0,0,0,0,1,0
179,704763,850.0,6000,0,0,0,0,0,0,1,0,0,0,0,1,0,0
180,649220,2050.0,23000,0,0,0,0,0,0,1,0,0,0,0,0,1,0
181,715417,1030.0,24000,0,0,0,0,0,0,1,0,0,0,0,0,1,0
182,723237,1100.0,23000,0,0,0,0,0,0,1,0,0,0,0,0,1,0
183,701675,1650.0,30000,0,0,1,0,0,0,0,0,0,0,0,0,1,0
184,698806,1350.0,40000,0,0,1,0,0,0,0,0,0,0,0,1,0,0
185,721759,700.0,30000,0,0,1,0,0,0,0,0,0,0,0,1,0,0
186,652104,1500.0,30000,0,0,1,0,0,0,0,0,0,0,0,0,0,1
187,720113,1500.0,50000,0,0,1,0,0,0,0,0,0,0,0,0,1,0
188,677331,950.0,50000,0,0,1,0,0,0,0,0,0,0,0,1,0,0
190,719236,900.0,30000,0,0,1,0,0,0,0,0,0,0,0,0,1,0
191,722184,1780.0,20000,1,0,0,0,0,0,0,0,0,0,0,0,1,0
193,715432,750.0,30000,0,0,1,0,0,0,0,0,0,0,0,0,1,0
194,715395,740.0,30000,0,0,1,0,0,0,0,0,0,0,0,0,1,0
195,718147,1400.0,30000,0,0,1,0,0,0,0,0,0,0,0,0,1,0
196,721784,1190.0,60000,0,0,1,0,0,0,0,0,0,0,0,0,0,1
197,705491,1190.0,60000,0,0,1,0,0,0,0,0,0,0,0,0,0,1
198,718146,1300.0,20000,0,0,1,0,0,0,0,0,0,0,0,0,1,0
199,721122,1400.0,30000,0,0,1,0,0,0,0,0,0,0,0,0,1,0
201,721752,900.0,70000,0,0,1,0,0,0,0,0,0,0,0,0,1,0
202,722849,780.0,20000,0,0,1,0,0,0,0,0,0,0,0,0,1,0
203,712465,990.0,20000,0,0,1,0,0,0,0,0,0,0,0,1,0,0
204,723430,950.0,40000,0,0,1,0,0,0,0,0,0,0,0,0,1,0
205,652072,1000.0,20000,0,0,1,0,0,0,0,0,0,0,0,0,1,0
206,716938,900.0,30000,0,0,1,0,0,0,0,0,0,0,0,0,1,0
209,723510,950.0,40000,0,0,1,0,0,0,0,0,0,0,0,0,1,0
211,705497,900.0,70000,0,0,1,0,0,0,0,0,0,0,0,0,1,0
212,722134,1100.0,20000,0,0,1,0,0,0,0,0,0,0,0,1,0,0
213,723327,6941.0,80000,0,0,0,0,1,0,0,0,0,0,0,1,0,0
214,723104,3376.0,120000,0,0,0,0,1,0,0,0,0,0,0,1,0,0
215,723107,3376.0,120000,0,0,0,0,1,0,0,0,0,0,0,1,0,0
216,714515,2600.0,20000,0,0,0,0,0,1,0,0,0,0,0,1,0,0
217,722895,900.0,10000,0,0,0,0,1,0,0,0,0,0,0,0,1,0
218,720590,3400.0,120000,0,0,0,0,0,0,0,1,0,0,0,0,1,0
219,721110,2500.0,50000,0,0,0,0,0,0,0,1,0,0,0,1,0,0
220,716872,2500.0,50000,0,0,0,0,0,0,0,1,0,0,0,1,0,0
221,714306,590.0,30000,0,0,0,0,0,0,0,1,0,0,0,1,0,0
222,710420,3000.0,30000,0,0,0,0,0,0,0,1,0,0,0,0,1,0
223,609428,3000.0,30000,0,0,0,0,0,0,0,1,0,0,0,0,1,0
224,721070,2500.0,50000,0,0,0,0,0,0,0,1,0,0,0,1,0,0
225,723446,930.0,20000,0,1,0,0,0,0,0,0,0,0,0,0,1,0
226,721118,1400.0,10000,0,1,0,0,0,0,0,0,0,0,0,0,1,0
227,723485,930.0,20000,0,1,0,0,0,0,0,0,0,0,0,0,0,1
228,721117,1250.0,10000,0,1,0,0,0,0,0,0,0,0,0,0,1,0
229,673023,900.0,10000,0,1,0,0,0,0,0,0,0,0,0,1,0,0
230,723405,930.0,20000,0,1,0,0,0,0,0,0,0,0,0,0,0,1
231,723526,930.0,20000,0,1,0,0,0,0,0,0,0,0,0,0,1,0
232,720348,1230.0,20000,0,1,0,0,0,0,0,0,0,0,0,1,0,0
233,723096,2150.0,17000,0,0,0,0,0,1,0,0,0,0,0,0,1,0
234,720232,1050.0,18000,0,0,0,0,0,1,0,0,0,0,0,1,0,0
235,712435,2649.0,33000,0,0,0,0,0,1,0,0,0,0,0,0,1,0
236,723688,4150.0,25000,0,0,0,0,0,1,0,0,0,0,0,1,0,0
237,720361,2300.0,26000,0,0,0,0,0,1,0,0,0,0,0,0,1,0
238,712654,2649.0,33000,0,0,0,0,0,1,0,0,0,0,0,0,1,0
241,715818,4150.0,25000,0,0,0,0,0,1,0,0,0,0,0,1,0,0
242,721014,715.0,7500,0,0,0,0,0,1,0,0,0,0,0,0,1,0
243,723648,4150.0,25000,0,0,0,0,0,1,0,0,0,0,0,1,0,0
244,597991,900.0,7000,0,0,0,0,0,1,0,0,0,0,0,0,1,0
246,721716,580.0,5000,0,0,0,0,0,1,0,0,0,0,0,0,1,0
247,723016,2150.0,17000,0,0,0,0,0,1,0,0,0,0,0,0,1,0
248,723169,750.0,19000,0,0,0,0,0,1,0,0,0,0,0,1,0,0
249,721585,2000.0,10000,0,0,0,0,0,1,0,0,0,0,0,0,1,0
250,721453,1080.0,20000,0,0,0,0,0,1,0,0,0,0,0,1,0,0
251,720648,1800.0,20000,0,0,0,0,0,1,0,0,0,0,0,1,0,0
252,720167,1460.0,20000,0,0,0,0,0,1,0,0,0,0,0,1,0,0
253,720122,1460.0,20000,0,0,0,0,0,1,0,0,0,0,0,1,0,0
254,721023,1080.0,20000,0,0,0,0,0,1,0,0,0,0,0,1,0,0
255,721755,960.0,20000,0,0,0,0,0,1,0,0,0,0,0,1,0,0
256,720197,1460.0,20000,0,0,0,0,0,1,0,0,0,0,0,1,0,0
257,696025,2000.0,10000,0,0,0,0,0,1,0,0,0,0,0,0,1,0
258,695562,1300.0,10000,0,0,0,0,1,0,0,0,0,0,0,0,1,0
259,720647,1080.0,12000,0,0,0,0,1,0,0,0,0,0,0,1,0,0
260,650871,1000.0,8000,0,0,0,0,1,0,0,0,0,0,0,0,1,0
261,716883,1250.0,10000,0,1,0,0,0,0,0,0,0,0,0,0,1,0
262,716884,1400.0,10000,0,1,0,0,0,0,0,0,0,0,0,0,1,0
263,723445,930.0,20000,0,1,0,0,0,0,0,0,0,0,0,0,0,1
264,723406,930.0,20000,0,1,0,0,0,0,0,0,0,0,0,0,1,0
265,668729,950.0,10000,0,1,0,0,0,0,0,0,0,0,0,0,1,0
266,679310,900.0,10000,0,1,0,0,0,0,0,0,0,0,0,0,1,0
267,668725,900.0,10000,0,1,0,0,0,0,0,0,0,0,0,1,0,0
268,723486,930.0,20000,0,1,0,0,0,0,0,0,0,0,0,0,1,0
269,665710,900.0,10000,0,1,0,0,0,0,0,0,0,0,0,0,1,0
270,723365,930.0,20000,0,1,0,0,0,0,0,0,0,0,0,0,0,1
271,721457,1160.0,20000,1,0,0,0,0,0,0,0,0,0,0,0,1,0
272,721152,1160.0,20000,1,0,0,0,0,0,0,0,0,0,0,0,1,0
273,698842,1550.0,10000,0,0,0,0,0,0,0,0,0,0,1,1,0,0
274,661558,2080.0,20000,0,0,0,0,0,0,0,0,0,0,1,0,1,0
275,669594,900.0,10000,0,0,0,0,0,0,0,0,1,0,0,1,0,0
276,720339,1500.0,30000,0,0,0,0,0,0,1,0,0,0,0,0,1,0
277,720369,1500.0,30000,0,0,0,0,0,0,1,0,0,0,0,0,1,0
279,716260,1500.0,30000,0,0,0,0,0,0,1,0,0,0,0,0,1,0
281,715377,1220.0,20000,0,0,0,0,0,0,1,0,0,0,0,0,1,0
282,720563,860.0,14000,0,0,0,0,1,0,0,0,0,0,0,0,1,0
283,715751,800.0,6000,0,0,0,0,1,0,0,0,0,0,0,1,0,0
284,710969,2460.0,75000,0,0,1,0,0,0,0,0,0,0,0,0,1,0
285,718799,900.0,43000,0,0,0,0,0,0,0,1,0,0,0,0,1,0
286,698819,650.0,9000,0,0,0,0,0,0,0,1,0,0,0,1,0,0
287,721121,2250.0,62000,0,0,0,0,0,0,0,1,0,0,0,0,1,0
288,712455,990.0,25000,0,0,0,0,0,0,0,1,0,0,0,1,0,0
290,598067,1120.0,35000,0,0,0,0,0,0,0,1,0,0,0,1,0,0
291,722954,1350.0,17000,0,0,0,0,0,0,0,1,0,0,0,0,1,0
292,651507,1350.0,17000,0,0,0,0,0,0,0,1,0,0,0,0,1,0
293,709365,1050.0,48000,0,0,0,0,0,0,0,1,0,0,0,0,1,0
294,723557,1270.0,36000,0,0,0,0,0,0,0,1,0,0,0,0,0,1
295,597970,850.0,12000,0,0,0,0,0,0,0,1,0,0,0,0,0,1
297,723355,1060.0,36000,0,0,0,0,0,0,0,1,0,0,0,1,0,0
299,681909,1140.0,45000,0,0,0,0,0,0,0,1,0,0,0,0,1,0
300,722109,1060.0,36000,0,0,0,0,0,0,0,1,0,0,0,1,0,0
301,722834,950.0,25000,0,0,0,0,0,0,0,1,0,0,0,0,1,0
302,722694,1200.0,25000,0,0,0,0,0,0,0,1,0,0,0,0,1,0
304,722911,1120.0,35000,0,0,0,0,0,0,0,1,0,0,0,1,0,0
305,723435,1060.0,36000,0,0,0,0,0,0,0,1,0,0,0,1,0,0
306,723613,1270.0,36000,0,0,0,0,0,0,0,1,0,0,0,0,0,1
307,722715,1200.0,16000,0,0,0,0,0,0,0,1,0,0,0,1,0,0
309,672326,1750.0,75000,0,0,0,0,0,0,0,1,0,0,0,0,1,0
310,679189,1250.0,15000,0,0,0,0,0,0,0,1,0,0,0,0,1,0
311,720102,1300.0,41000,0,0,0,0,0,0,0,1,0,0,0,0,0,1
312,723111,690.0,11000,0,0,0,0,0,0,0,1,0,0,0,1,0,0
313,698771,900.0,8000,0,0,0,0,0,0,0,1,0,0,0,1,0,0
314,705478,1800.0,55000,0,0,0,0,0,0,0,1,0,0,0,1,0,0
315,691082,1200.0,16000,0,0,0,0,0,0,0,1,0,0,0,1,0,0
316,720128,1600.0,66000,0,0,0,0,0,0,0,1,0,0,0,1,0,0
317,604411,1025.0,32000,0,0,0,0,0,0,0,1,0,0,0,1,0,0
318,722763,1500.0,24000,0,0,0,0,0,0,0,1,0,0,0,0,1,0
319,609430,1500.0,65000,0,0,0,0,0,0,0,1,0,0,0,0,1,0
320,712480,570.0,15000,0,0,0,0,0,0,0,1,0,0,0,1,0,0
321,704708,1100.0,12000,0,0,0,0,0,0,0,1,0,0,0,1,0,0
322,723375,1750.0,75000,0,0,0,0,0,0,0,1,0,0,0,0,1,0
323,722723,1500.0,24000,0,0,0,0,0,0,0,1,0,0,0,0,1,0
324,691112,1500.0,24000,0,0,0,0,0,0,0,1,0,0,0,0,1,0
325,722654,1200.0,25000,0,0,0,0,0,0,0,1,0,0,0,0,1,0
327,715321,850.0,35000,0,0,0,0,0,0,0,1,0,0,0,1,0,0
328,721081,2250.0,62000,0,0,0,0,0,0,0,1,0,0,0,0,1,0
329,652102,600.0,12000,0,0,0,0,0,0,0,1,0,0,0,0,1,0
330,710873,2400.0,60000,0,0,1,0,0,0,0,0,0,0,0,0,1,0
331,598315,520.0,20000,0,0,0,0,0,0,0,1,0,0,0,1,0,0
332,716967,1500.0,60000,0,0,0,0,0,0,0,1,0,0,0,1,0,0
333,721460,1170.0,30000,0,0,0,0,0,0,0,1,0,0,0,1,0,0
334,722526,1500.0,60000,0,0,0,0,0,0,0,1,0,0,0,1,0,0
335,721775,1000.0,30000,0,0,0,0,0,0,0,1,0,0,0,0,1,0
336,714523,1500.0,60000,0,0,0,0,0,0,0,1,0,0,0,1,0,0
337,709368,890.0,10000,0,0,0,0,0,0,0,1,0,0,0,1,0,0
338,715322,1000.0,30000,0,0,0,0,0,0,0,1,0,0,0,0,1,0
339,723115,800.0,10000,0,0,0,0,0,0,0,1,0,0,0,1,0,0
340,720559,3600.0,110000,0,0,0,0,0,0,0,1,0,0,0,0,1,0
341,714307,630.0,30000,0,0,0,0,0,0,0,1,0,0,0,0,1,0
343,720993,1170.0,30000,0,0,0,0,0,0,0,1,0,0,0,1,0,0
344,720094,610.0,20000,0,0,0,0,0,0,0,1,0,0,0,0,1,0
345,720110,2150.0,60000,0,0,0,0,0,0,0,1,0,0,0,0,1,0
347,723272,670.0,14000,0,0,0,1,0,0,0,0,0,0,0,1,0,0
348,721031,935.0,13000,0,0,0,1,0,0,0,0,0,0,0,1,0,0
349,657486,1070.0,19000,0,0,0,1,0,0,0,0,0,0,0,0,1,0
350,722797,1070.0,19000,0,0,0,1,0,0,0,0,0,0,0,0,1,0
351,705477,1200.0,16000,0,0,0,1,0,0,0,0,0,0,0,1,0,0
353,712657,715.0,8000,0,0,0,1,0,0,0,0,0,0,0,0,1,0
354,721773,1200.0,16000,0,0,0,1,0,0,0,0,0,0,0,1,0,0
355,722680,1305.0,13000,0,0,0,1,0,0,0,0,0,0,0,1,0,0
356,721756,1200.0,10000,0,0,0,1,0,0,0,0,0,0,0,1,0,0
358,710965,1100.0,16000,0,0,0,1,0,0,0,0,0,0,0,0,1,0
359,722629,1045.0,28000,0,0,0,1,0,0,0,0,0,0,0,1,0,0
360,718759,1100.0,16000,0,0,0,1,0,0,0,0,0,0,0,0,1,0
361,698814,1840.0,27000,0,0,0,1,0,0,0,0,0,0,0,0,1,0
362,723086,1700.0,28000,0,0,0,1,0,0,0,0,0,0,0,1,0,0
363,714309,1700.0,28000,0,0,0,1,0,0,0,0,0,0,0,1,0,0
364,723167,2250.0,56000,0,0,0,1,0,0,0,0,0,0,0,0,1,0
365,710930,1100.0,16000,0,0,0,1,0,0,0,0,0,0,0,0,1,0
366,657505,1820.0,38000,0,0,0,1,0,0,0,0,0,0,0,0,1,0
367,695556,1000.0,12000,0,0,0,1,0,0,0,0,0,0,0,0,1,0
368,723087,1150.0,25000,0,0,0,1,0,0,0,0,0,0,0,0,1,0
369,681921,1460.0,36000,0,0,0,1,0,0,0,0,0,0,0,0,1,0
370,723196,1180.0,28500,0,0,0,1,0,0,0,0,0,0,0,0,1,0
371,695160,1070.0,24000,0,0,0,1,0,0,0,0,0,0,0,1,0,0
372,715402,1100.0,16000,0,0,0,1,0,0,0,0,0,0,0,0,1,0
373,714310,1150.0,25000,0,0,0,1,0,0,0,0,0,0,0,0,1,0
375,723006,1700.0,28000,0,0,0,1,0,0,0,0,0,0,0,1,0,0
376,651431,1370.0,15000,0,0,0,0,0,0,0,0,1,0,0,1,0,0
377,698808,1210.0,26000,0,0,0,0,0,0,0,0,1,0,0,0,0,1
378,722620,1200.0,30000,0,0,0,1,0,0,0,0,0,0,0,0,1,0
379,651413,1950.0,20000,0,0,0,1,0,0,0,0,0,0,0,0,1,0
380,698783,1230.0,20000,0,0,0,1,0,0,0,0,0,0,0,1,0,0
381,721582,1550.0,10000,0,0,0,1,0,0,0,0,0,0,0,1,0,0
382,679125,1200.0,10000,0,0,0,1,0,0,0,0,0,0,0,1,0,0
383,722619,1200.0,30000,0,0,0,1,0,0,0,0,0,0,0,0,1,0
384,714942,1580.0,30000,0,0,0,1,0,0,0,0,0,0,0,1,0,0
385,721619,1800.0,20000,0,0,0,1,0,0,0,0,0,0,0,1,0,0
386,721579,1800.0,20000,0,0,0,1,0,0,0,0,0,0,0,1,0,0
387,651402,1160.0,20000,0,0,0,0,0,0,0,1,0,0,0,1,0,0
388,716649,860.0,7000,0,0,0,1,0,0,0,0,0,0,0,0,1,0
389,722664,900.0,5000,0,0,0,1,0,0,0,0,0,0,0,0,1,0
390,722986,1030.0,7000,0,0,0,1,0,0,0,0,0,0,0,0,1,0
391,705510,1590.0,18000,0,0,0,1,0,0,0,0,0,0,0,1,0,0
392,722668,900.0,5000,0,0,0,1,0,0,0,0,0,0,0,0,1,0
393,679626,875.0,7000,0,0,0,1,0,0,0,0,0,0,0,0,1,0
394,721760,1590.0,18000,0,0,0,1,0,0,0,0,0,0,0,1,0,0
395,722708,900.0,5000,0,0,0,1,0,0,0,0,0,0,0,0,1,0
396,704870,1100.0,8000,0,0,0,1,0,0,0,0,0,0,0,0,1,0
397,723066,1030.0,7000,0,0,0,1,0,0,0,0,0,0,0,1,0,0
398,722597,900.0,5000,0,0,0,1,0,0,0,0,0,0,0,0,1,0
399,675522,450.0,4000,0,0,0,1,0,0,0,0,0,0,0,0,0,1
400,668768,1030.0,7000,0,0,0,1,0,0,0,0,0,0,0,1,0,0
401,722987,750.0,5000,0,0,0,1,0,0,0,0,0,0,0,0,0,1
402,654886,1020.0,7000,0,0,0,1,0,0,0,0,0,0,0,0,1,0
403,714920,450.0,5000,0,0,0,1,0,0,0,0,0,0,0,0,0,1
404,722598,900.0,5000,0,0,0,1,0,0,0,0,0,0,0,1,0,0
405,668731,1200.0,8000,0,0,0,1,0,0,0,0,0,0,0,0,1,0
406,722596,900.0,5000,0,0,0,1,0,0,0,0,0,0,0,0,1,0
407,704696,1100.0,8500,0,0,0,1,0,0,0,0,0,0,0,0,1,0
408,675535,450.0,5000,0,0,0,1,0,0,0,0,0,0,0,0,0,1
409,698818,1800.0,10000,0,0,0,1,0,0,0,0,0,0,0,0,1,0
410,688883,590.0,6000,0,0,1,0,0,0,0,0,0,0,0,1,0,0
411,705495,570.0,13000,0,0,1,0,0,0,0,0,0,0,0,0,1,0
412,721789,570.0,13000,0,0,1,0,0,0,0,0,0,0,0,0,1,0
413,722604,550.0,11000,0,0,0,1,0,0,0,0,0,0,0,0,1,0
414,723590,800.0,15000,0,0,0,1,0,0,0,0,0,0,0,1,0,0
415,722609,900.0,7000,0,0,0,1,0,0,0,0,0,0,0,1,0,0
416,722672,550.0,11000,0,0,0,1,0,0,0,0,0,0,0,0,1,0
417,722674,900.0,7000,0,0,0,1,0,0,0,0,0,0,0,1,0,0
418,723630,800.0,15000,0,0,0,1,0,0,0,0,0,0,0,1,0,0
419,722608,830.0,7000,0,0,0,1,0,0,0,0,0,0,0,1,0,0
420,722676,550.0,11000,0,0,0,1,0,0,0,0,0,0,0,0,1,0
422,722635,550.0,6000,0,0,0,1,0,0,0,0,0,0,0,0,1,0
423,722633,830.0,7000,0,0,0,1,0,0,0,0,0,0,0,1,0,0
424,722607,550.0,11000,0,0,0,1,0,0,0,0,0,0,0,0,1,0
425,722191,800.0,14000,0,0,0,1,0,0,0,0,0,0,0,1,0,0
426,722151,800.0,14000,0,0,0,1,0,0,0,0,0,0,0,1,0,0
427,722675,550.0,6000,0,0,0,1,0,0,0,0,0,0,0,0,1,0
428,723139,700.0,11000,0,1,0,0,0,0,0,0,0,0,0,0,1,0
429,698802,505.0,3000,0,1,0,0,0,0,0,0,0,0,0,0,1,0
430,722548,900.0,13000,0,0,0,0,0,0,0,0,1,0,0,1,0,0
431,722582,705.0,10000,0,0,1,0,0,0,0,0,0,0,0,0,1,0
432,671781,900.0,10000,0,0,0,1,0,0,0,0,0,0,0,0,0,1
433,721620,900.0,10000,0,0,0,1,0,0,0,0,0,0,0,0,0,1
434,721580,900.0,10000,0,0,0,1,0,0,0,0,0,0,0,0,0,1
435,649209,1400.0,25000,0,0,0,1,0,0,0,0,0,0,0,0,1,0
436,721183,840.0,9500,0,0,0,1,0,0,0,0,0,0,0,0,1,0
437,721157,840.0,9500,0,0,0,1,0,0,0,0,0,0,0,0,1,0
439,721628,900.0,5000,0,0,0,1,0,0,0,0,0,0,0,0,0,1
440,721723,840.0,9500,0,0,0,1,0,0,0,0,0,0,0,0,1,0
441,671760,900.0,5000,0,0,0,1,0,0,0,0,0,0,0,0,0,1
443,722838,1400.0,25000,0,0,0,1,0,0,0,0,0,0,0,0,1,0
444,723710,1650.0,14000,0,0,0,1,0,0,0,0,0,0,0,0,0,1
445,715804,1800.0,12000,0,0,0,1,0,0,0,0,0,0,0,0,1,0
446,723686,1800.0,12000,0,0,0,1,0,0,0,0,0,0,0,0,1,0
447,711002,760.0,4500,0,0,0,1,0,0,0,0,0,0,0,1,0,0
448,712450,720.0,8000,0,0,0,1,0,0,0,0,0,0,0,1,0,0
449,668717,550.0,8000,0,0,0,1,0,0,0,0,0,0,0,0,1,0
450,720623,940.0,11000,0,0,0,1,0,0,0,0,0,0,0,1,0,0
451,722069,512.0,15500,0,0,0,1,0,0,0,0,0,0,0,0,1,0
452,712463,1310.0,18000,0,0,0,1,0,0,0,0,0,0,0,0,1,0
453,669961,1470.0,9000,0,0,0,1,0,0,0,0,0,0,0,0,1,0
454,723075,550.0,8000,0,0,0,1,0,0,0,0,0,0,0,0,1,0
455,716943,580.0,9000,0,0,0,1,0,0,0,0,0,0,0,0,1,0
456,721057,650.0,16000,0,0,0,1,0,0,0,0,0,0,0,0,1,0
457,665603,900.0,8000,0,0,0,1,0,0,0,0,0,0,0,0,1,0
458,721741,650.0,16000,0,0,0,1,0,0,0,0,0,0,0,0,1,0
459,715387,760.0,4500,0,0,0,1,0,0,0,0,0,0,0,1,0,0
460,715020,850.0,12000,0,0,0,0,0,0,0,0,1,0,0,0,1,0
461,723664,2350.0,20000,0,0,0,1,0,0,0,0,0,0,0,0,1,0
462,721740,950.0,15000,0,0,0,1,0,0,0,0,0,0,0,1,0,0
463,721059,950.0,15000,0,0,0,1,0,0,0,0,0,0,0,0,1,0
465,719643,987.0,10000,0,0,0,1,0,0,0,0,0,0,0,0,1,0
466,720301,987.0,10000,0,0,0,1,0,0,0,0,0,0,0,1,0,0
467,701694,950.0,10000,0,0,0,1,0,0,0,0,0,0,0,1,0,0
468,712733,890.0,4000,0,0,0,0,0,1,0,0,0,0,0,0,1,0
469,711636,850.0,5800,0,0,0,0,0,1,0,0,0,0,0,0,0,1
470,723079,2100.0,28000,0,0,0,0,1,0,0,0,0,0,0,1,0,0
471,714939,910.0,14000,0,0,0,0,1,0,0,0,0,0,0,1,0,0
472,714940,860.0,14000,0,0,0,0,1,0,0,0,0,0,0,1,0,0
473,677366,1100.0,8000,0,0,0,0,1,0,0,0,0,0,0,0,1,0
474,722999,2100.0,28000,0,0,0,0,1,0,0,0,0,0,0,1,0,0
475,714941,860.0,14000,0,0,0,0,1,0,0,0,0,0,0,1,0,0
476,705476,1230.0,20000,0,0,0,0,1,0,0,0,0,0,0,1,0,0
477,684626,1030.0,10000,0,0,0,0,1,0,0,0,0,0,0,1,0,0
478,691098,1330.0,13000,0,0,0,0,1,0,0,0,0,0,0,0,1,0
479,721787,2000.0,42000,0,0,0,0,1,0,0,0,0,0,0,1,0,0
480,705493,2000.0,42000,0,0,0,0,1,0,0,0,0,0,0,1,0,0
481,651689,750.0,15000,0,0,1,0,0,0,0,0,0,0,0,1,0,0
482,723627,1170.0,32000,0,0,1,0,0,0,0,0,0,0,0,0,1,0
483,722188,1170.0,32000,0,0,1,0,0,0,0,0,0,0,0,0,1,0
484,720875,1170.0,32000,0,0,1,0,0,0,0,0,0,0,0,0,1,0
485,651399,1450.0,15000,0,0,1,0,0,0,0,0,0,0,0,1,0,0
486,723587,1170.0,32000,0,0,1,0,0,0,0,0,0,0,0,0,1,0
487,720192,1200.0,25000,0,0,0,0,0,0,0,1,0,0,0,0,0,1
488,720162,1200.0,25000,0,0,0,0,0,0,0,1,0,0,0,0,0,1
489,698835,1200.0,25000,0,0,0,0,0,0,0,1,0,0,0,1,0,0
490,712460,900.0,18000,0,1,0,0,0,0,0,0,0,0,0,1,0,0
491,720262,850.0,17000,0,1,0,0,0,0,0,0,0,0,0,1,0,0
492,695150,1125.0,15000,0,1,0,0,0,0,0,0,0,0,0,1,0,0
494,722556,1700.0,15000,0,1,0,0,0,0,0,0,0,0,0,1,0,0
495,719869,850.0,17000,0,1,0,0,0,0,0,0,0,0,0,1,0,0
497,698767,1100.0,25000,0,1,0,0,0,0,0,0,0,0,0,0,1,0
499,712410,900.0,18000,0,1,0,0,0,0,0,0,0,0,0,1,0,0
501,722183,940.0,32000,0,0,0,0,0,0,0,0,1,0,0,1,0,0
502,723484,1550.0,55000,0,0,0,0,0,0,0,0,1,0,0,0,1,0
503,720872,940.0,32000,0,0,0,0,0,0,0,0,1,0,0,1,0,0
504,717927,1550.0,55000,0,0,0,0,0,0,0,0,1,0,0,0,1,0
505,676192,1100.0,13000,0,0,0,0,0,0,0,0,1,0,0,0,1,0
506,723597,1350.0,33000,0,0,0,0,0,0,0,0,1,0,0,0,1,0
507,721781,1010.0,28000,0,0,0,0,0,0,0,0,1,0,0,0,1,0
508,723637,1350.0,33000,0,0,0,0,0,0,0,0,1,0,0,0,1,0
509,720604,1370.0,53000,0,0,0,0,0,0,0,0,1,0,0,0,1,0
510,681936,1090.0,29000,0,0,0,0,0,0,0,0,1,0,0,0,1,0
511,723404,1550.0,55000,0,0,0,0,0,0,0,0,1,0,0,0,1,0
512,723524,1550.0,55000,0,0,0,0,0,0,0,0,1,0,0,0,1,0
513,723558,1350.0,33000,0,0,0,0,0,0,0,0,1,0,0,0,1,0
514,722143,940.0,32000,0,0,0,0,0,0,0,0,1,0,0,1,0,0
515,718802,960.0,32000,0,0,0,0,0,0,0,0,1,0,0,1,0,0
516,722162,1530.0,55000,0,0,0,0,0,0,0,0,1,0,0,0,1,0
517,723444,1550.0,55000,0,0,0,0,0,0,0,0,1,0,0,0,1,0
518,722543,1950.0,47000,0,0,0,0,0,0,0,0,1,0,0,0,1,0
519,691101,1074.0,24000,0,0,0,0,0,0,0,0,1,0,0,1,0,0
520,722739,1074.0,24000,0,0,0,0,0,0,0,0,1,0,0,1,0,0
521,698837,1860.0,35000,0,0,0,0,0,0,0,0,1,0,0,0,1,0
522,723622,940.0,32000,0,0,0,0,0,0,0,0,1,0,0,1,0,0
523,723582,940.0,32000,0,0,0,0,0,0,0,0,1,0,0,1,0,0
524,627339,1090.0,29000,0,0,0,0,0,0,0,0,1,0,0,0,1,0
525,720624,1650.0,40000,0,0,1,0,0,0,0,0,0,0,0,0,1,0
527,722551,1450.0,20000,0,1,0,0,0,0,0,0,0,0,0,1,0,0
528,720106,1020.0,10000,0,1,0,0,0,0,0,0,0,0,0,1,0,0
529,714504,1020.0,10000,0,1,0,0,0,0,0,0,0,0,0,1,0,0
530,701672,1550.0,50000,0,0,0,0,0,0,0,0,1,0,0,0,1,0
531,721003,1500.0,40000,0,0,0,0,0,0,0,0,1,0,0,0,1,0
532,721615,1000.0,20000,0,0,0,0,0,0,0,0,1,0,0,0,1,0
533,714483,1350.0,40000,0,0,0,0,0,0,0,0,1,0,0,0,1,0
534,718801,1545.0,50000,0,0,0,0,0,0,0,0,1,0,0,0,1,0
535,720104,1350.0,40000,0,0,0,0,0,0,0,0,1,0,0,0,1,0
536,721575,1000.0,20000,0,0,0,0,0,0,0,0,1,0,0,0,1,0
537,723418,1050.0,40000,0,0,0,0,0,0,0,0,1,0,0,0,1,0
538,701652,1550.0,40000,0,0,0,0,0,0,0,0,1,0,0,0,1,0
539,720107,2150.0,30000,0,0,0,0,0,0,0,0,1,0,0,0,1,0
540,723458,1050.0,40000,0,0,0,0,0,0,0,0,1,0,0,0,1,0
541,720314,1290.0,35000,0,0,0,0,0,0,0,1,0,0,0,0,1,0
542,716296,680.0,17000,0,0,0,0,0,0,0,1,0,0,0,1,0,0
543,687432,1000.0,12000,0,0,0,0,0,0,0,1,0,0,0,0,1,0
544,720998,650.0,13000,0,0,0,0,0,0,0,1,0,0,0,0,0,1
545,687437,1200.0,14000,0,0,0,0,0,0,0,1,0,0,0,1,0,0
547,686778,700.0,8000,0,0,0,0,0,0,0,1,0,0,0,1,0,0
548,711001,958.0,14500,0,0,0,0,0,0,0,1,0,0,0,0,1,0
549,687440,1000.0,11500,0,0,0,0,0,0,0,1,0,0,0,0,1,0
550,715356,1740.0,38000,0,0,0,0,0,0,0,1,0,0,0,0,1,0
551,723117,690.0,13000,0,0,0,0,0,0,0,1,0,0,0,0,1,0
552,687430,1100.0,13000,0,0,0,0,0,0,0,1,0,0,0,0,1,0
553,673619,800.0,9000,0,0,0,0,0,0,0,1,0,0,0,0,1,0
554,651398,840.0,6000,0,0,0,0,0,0,0,1,0,0,0,1,0,0
555,665561,1160.0,25000,0,0,0,0,0,0,0,1,0,0,0,0,1,0
556,723179,1400.0,34000,0,0,0,0,0,0,0,1,0,0,0,0,1,0
557,675525,700.0,14000,0,0,0,0,0,0,0,1,0,0,0,1,0,0
558,717730,1195.0,27000,0,0,0,0,0,0,0,1,0,0,0,0,0,1
559,718772,1200.0,17000,0,0,0,0,0,0,0,1,0,0,0,0,1,0
560,675438,1000.0,12000,0,0,0,0,0,0,0,1,0,0,0,0,1,0
561,671772,1200.0,26000,0,0,0,0,0,0,0,1,0,0,0,0,0,1
562,722647,1450.0,31000,0,0,0,0,0,0,0,1,0,0,0,0,1,0
563,721574,1200.0,26000,0,0,0,0,0,0,0,1,0,0,0,0,0,1
564,720629,900.0,18000,0,0,0,0,0,0,0,1,0,0,0,0,0,1
565,680763,700.0,8000,0,0,0,0,0,0,0,1,0,0,0,0,0,1
566,679326,800.0,9000,0,0,0,0,0,0,0,1,0,0,0,0,1,0
567,710891,1010.0,14000,0,0,0,0,0,0,0,1,0,0,0,0,1,0
568,723177,1355.0,29000,0,0,0,0,0,0,0,1,0,0,0,0,1,0
569,675421,900.0,10000,0,0,0,0,0,0,0,1,0,0,0,0,1,0
570,661621,800.0,10000,0,0,0,0,0,0,0,1,0,0,0,1,0,0
571,723170,1400.0,30000,0,0,0,0,0,0,0,1,0,0,0,0,1,0
572,718558,650.0,10000,0,0,0,0,0,0,0,1,0,0,0,0,1,0
573,716861,1000.0,30000,0,0,0,0,0,0,0,1,0,0,0,0,1,0
574,671758,1300.0,20000,0,0,0,0,0,0,0,1,0,0,0,0,0,1
575,721111,1490.0,30000,0,0,0,0,0,0,0,1,0,0,0,0,1,0
576,723171,850.0,20000,0,0,0,0,0,0,0,1,0,0,0,1,0,0
578,721455,3270.0,55000,0,0,0,0,0,0,0,0,0,1,0,1,0,0
579,721004,1478.0,13000,0,0,0,0,0,0,0,0,0,1,0,1,0,0
581,720984,1480.0,18000,0,0,0,0,0,0,0,0,0,1,0,0,1,0
582,721208,3270.0,55000,0,0,0,0,0,0,0,0,0,1,0,1,0,0
583,710363,1300.0,26000,0,0,0,0,0,0,0,0,1,0,0,0,0,1
585,722221,800.0,33000,0,0,0,0,0,0,0,1,0,0,0,0,1,0
586,691109,1100.0,15500,0,0,0,0,0,0,0,1,0,0,0,1,0,0
587,722641,700.0,14500,0,0,0,0,0,0,0,1,0,0,0,1,0,0
588,722721,1100.0,15500,0,0,0,0,0,0,0,1,0,0,0,1,0,0
589,723585,1275.0,28000,0,0,0,0,0,0,0,1,0,0,0,0,1,0
590,722761,1100.0,15500,0,0,0,0,0,0,0,1,0,0,0,1,0,0
591,722585,700.0,14500,0,0,0,0,0,0,0,1,0,0,0,1,0,0
592,722681,700.0,14500,0,0,0,0,0,0,0,1,0,0,0,1,0,0
593,720271,525.0,1500,0,0,0,0,0,0,0,1,0,0,0,1,0,0
594,722147,1275.0,28000,0,0,0,0,0,0,0,1,0,0,0,0,1,0
595,720256,1250.0,25000,0,0,0,0,0,0,0,1,0,0,0,1,0,0
596,723626,1275.0,28000,0,0,0,0,0,0,0,1,0,0,0,0,1,0
597,720149,700.0,14000,0,0,0,0,0,0,0,1,0,0,0,1,0,0
598,698800,960.0,13000,0,0,0,0,0,0,0,1,0,0,0,0,0,1
599,710954,890.0,18000,0,0,0,0,0,0,0,1,0,0,0,0,1,0
600,722146,1275.0,28000,0,0,0,0,0,0,0,1,0,0,0,0,1,0
601,720179,700.0,14000,0,0,0,0,0,0,0,1,0,0,0,1,0,0
602,722186,1275.0,28000,0,0,0,0,0,0,0,1,0,0,0,0,1,0
603,715450,1150.0,30000,0,0,0,0,0,0,0,1,0,0,0,0,1,0
604,721564,600.0,10000,0,0,0,0,0,0,0,1,0,0,0,0,1,0
605,719866,500.0,10000,0,0,0,0,0,0,0,1,0,0,0,0,1,0
606,720261,970.0,18000,0,0,0,0,1,0,0,0,0,0,0,0,1,0
607,720245,970.0,18000,0,0,0,0,1,0,0,0,0,0,0,0,1,0
608,721049,1800.0,10000,0,0,0,0,1,0,0,0,0,0,0,0,1,0
609,721584,1800.0,10000,0,0,0,0,1,0,0,0,0,0,0,0,1,0
610,721624,1800.0,10000,0,0,0,0,1,0,0,0,0,0,0,0,1,0
611,651704,375.0,7500,0,0,0,0,0,0,0,1,0,0,0,1,0,0
612,720308,744.0,18000,0,0,0,0,0,0,0,1,0,0,0,0,1,0
613,722105,650.0,13000,0,1,0,0,0,0,0,0,0,0,0,1,0,0
614,723712,750.0,10000,0,1,0,0,0,0,0,0,0,0,0,0,1,0
615,723125,1700.0,35000,0,0,1,0,0,0,0,0,0,0,0,1,0,0
616,665579,1700.0,35000,0,0,1,0,0,0,0,0,0,0,0,1,0,0
617,722732,1270.0,13000,0,1,0,0,0,0,0,0,0,0,0,1,0,0
618,683934,750.0,15000,0,1,0,0,0,0,0,0,0,0,0,1,0,0
620,722144,1780.0,20000,1,0,0,0,0,0,0,0,0,0,0,0,1,0
622,630407,1200.0,32000,0,0,0,0,0,0,0,0,1,0,0,1,0,0
623,720282,1130.0,25000,0,0,0,0,0,0,0,0,1,0,0,0,1,0
624,723591,1210.0,15000,1,0,0,0,0,0,0,0,0,0,0,1,0,0
625,722185,1060.0,22000,1,0,0,0,0,0,0,0,0,0,0,0,1,0
626,722152,1210.0,15000,1,0,0,0,0,0,0,0,0,0,0,1,0,0
627,722145,1060.0,22000,1,0,0,0,0,0,0,0,0,0,0,0,1,0
628,720643,990.0,11000,1,0,0,0,0,0,0,0,0,0,0,1,0,0
629,721184,1060.0,22000,1,0,0,0,0,0,0,0,0,0,0,0,1,0
630,720884,1060.0,22000,1,0,0,0,0,0,0,0,0,0,0,0,1,0
631,720883,1210.0,15000,1,0,0,0,0,0,0,0,0,0,0,1,0,0
632,723631,1210.0,15000,1,0,0,0,0,0,0,0,0,0,0,1,0,0
633,722193,1060.0,22000,1,0,0,0,0,0,0,0,0,0,0,0,1,0
634,721134,1850.0,15000,1,0,0,0,0,0,0,0,0,0,0,1,0,0
635,723624,1060.0,22000,1,0,0,0,0,0,0,0,0,0,0,0,1,0
636,723708,2890.0,25000,1,0,0,0,0,0,0,0,0,0,0,1,0,0
637,707240,2430.0,27000,1,0,0,0,0,0,0,0,0,0,0,1,0,0
638,720996,1605.0,23000,1,0,0,0,0,0,0,0,0,0,0,1,0,0
639,716961,850.0,3500,1,0,0,0,0,0,0,0,0,0,0,1,0,0
640,723668,2890.0,25000,1,0,0,0,0,0,0,0,0,0,0,1,0,0
641,705951,940.0,15000,1,0,0,0,0,0,0,0,0,0,0,0,0,1
642,720092,3100.0,40000,1,0,0,0,0,0,0,0,0,0,0,1,0,0
643,720148,2680.0,30000,1,0,0,0,0,0,0,0,0,0,0,0,0,1
644,714510,3100.0,40000,1,0,0,0,0,0,0,0,0,0,0,1,0,0
645,721067,2000.0,20000,1,0,0,0,0,0,0,0,0,0,0,0,1,0
646,721107,2000.0,20000,1,0,0,0,0,0,0,0,0,0,0,0,1,0
647,720158,2680.0,30000,1,0,0,0,0,0,0,0,0,0,0,0,0,1
648,721130,2450.0,28000,1,0,0,0,0,0,0,0,0,0,0,0,1,0
649,718412,2450.0,28000,1,0,0,0,0,0,0,0,0,0,0,0,1,0
650,721093,2450.0,28000,1,0,0,0,0,0,0,0,0,0,0,0,1,0
651,718413,2450.0,28000,1,0,0,0,0,0,0,0,0,0,0,0,1,0
652,721133,2450.0,28000,1,0,0,0,0,0,0,0,0,0,0,0,1,0
653,723556,1408.0,12000,1,0,0,0,0,0,0,0,0,0,0,1,0,0
654,715748,2050.0,12000,1,0,0,0,0,0,0,0,0,0,0,0,1,0
655,723100,950.0,8000,1,0,0,0,0,0,0,0,0,0,0,0,1,0
656,717885,950.0,8000,1,0,0,0,0,0,0,0,0,0,0,0,1,0
657,720989,1320.0,19500,1,0,0,0,0,0,0,0,0,0,0,0,1,0
658,715213,1020.0,10000,1,0,0,0,0,0,0,0,0,0,0,1,0,0
659,721754,1250.0,14000,1,0,0,0,0,0,0,0,0,0,0,0,0,1
660,705499,1250.0,14000,1,0,0,0,0,0,0,0,0,0,0,0,0,1
661,609433,2100.0,32000,1,0,0,0,0,0,0,0,0,0,0,0,1,0
662,710388,2100.0,32000,1,0,0,0,0,0,0,0,0,0,0,0,1,0
663,722534,1350.0,15000,1,0,0,0,0,0,0,0,0,0,0,0,1,0
664,721627,2000.0,15000,1,0,0,0,0,0,0,0,0,0,0,0,1,0
665,721587,2000.0,15000,1,0,0,0,0,0,0,0,0,0,0,0,1,0
666,720392,1080.0,15000,1,0,0,0,0,0,0,0,0,0,0,0,1,0
667,723207,1200.0,15000,1,0,0,0,0,0,0,0,0,0,0,0,1,0
668,723088,1080.0,15000,1,0,0,0,0,0,0,0,0,0,0,0,1,0
669,723008,1080.0,15000,1,0,0,0,0,0,0,0,0,0,0,0,1,0
670,714480,3150.0,23000,1,0,0,0,0,0,0,0,0,0,0,1,0,0
671,718153,3150.0,27000,1,0,0,0,0,0,0,0,0,0,0,0,0,1
672,723713,3150.0,27000,1,0,0,0,0,0,0,0,0,0,0,0,0,1
675,722853,1380.0,15500,1,0,0,0,0,0,0,0,0,0,0,1,0,0
676,705515,1800.0,25000,1,0,0,0,0,0,0,0,0,0,0,0,0,1
677,721765,1800.0,25000,1,0,0,0,0,0,0,0,0,0,0,0,0,1
678,722796,1600.0,18000,1,0,0,0,0,0,0,0,0,0,0,1,0,0
679,679624,1540.0,23000,1,0,0,0,0,0,0,0,0,0,0,0,1,0
680,715793,2020.0,12000,1,0,0,0,0,0,0,0,0,0,0,0,1,0
681,722850,1970.0,25000,1,0,0,0,0,0,0,0,0,0,0,1,0,0
682,722907,1600.0,18000,1,0,0,0,0,0,0,0,0,0,0,1,0,0
683,605438,2400.0,35000,1,0,0,0,0,0,0,0,0,0,0,0,1,0
684,649226,1970.0,25000,1,0,0,0,0,0,0,0,0,0,0,1,0,0
685,710376,2400.0,35000,1,0,0,0,0,0,0,0,0,0,0,0,1,0
686,695527,1300.0,15000,0,0,0,0,0,0,0,0,0,0,1,0,1,0
687,686889,750.0,13000,0,0,0,0,0,0,0,0,0,0,1,1,0,0
688,723193,1500.0,23000,0,0,0,0,0,0,0,0,0,0,1,1,0,0
689,720890,1060.0,15000,0,0,0,0,0,0,0,0,0,0,1,1,0,0
690,723610,1060.0,15000,0,0,0,0,0,0,0,0,0,0,1,1,0,0
691,695555,1700.0,18000,0,0,0,0,0,0,0,0,0,0,1,1,0,0
692,722170,1060.0,15000,0,0,0,0,0,0,0,0,0,0,1,1,0,0
693,721592,750.0,13000,0,0,0,0,0,0,0,0,0,0,1,1,0,0
694,720885,1060.0,15000,0,0,0,0,0,0,0,0,0,0,1,1,0,0
696,723467,1080.0,28000,0,0,0,0,0,0,0,0,0,0,1,0,1,0
697,721040,960.0,18000,0,0,0,0,0,0,0,0,0,0,1,0,1,0
698,721010,970.0,19000,0,0,0,0,0,0,0,0,0,0,1,0,0,1
699,720606,1000.0,19000,0,0,0,0,0,0,0,0,0,0,1,1,0,0
700,722541,1180.0,25000,0,0,0,0,0,0,0,0,0,0,1,0,1,0
701,720793,1007.0,15000,0,0,0,0,0,0,0,0,0,0,1,0,0,1
702,721186,2055.0,23000,0,0,0,0,0,0,0,0,0,0,1,0,1,0
703,722130,1060.0,15000,0,0,0,0,0,0,0,0,0,0,1,1,0,0
704,715331,1050.0,16000,0,0,0,0,0,0,0,0,0,0,1,0,1,0
705,720794,1290.0,19000,0,0,0,0,0,0,0,0,0,0,1,0,1,0
706,723568,1060.0,15000,0,0,0,0,0,0,0,0,0,0,1,1,0,0
707,722194,1060.0,15000,0,0,0,0,0,0,0,0,0,0,1,1,0,0
708,710961,850.0,14000,0,0,0,0,0,0,0,0,0,0,1,0,1,0
709,722642,1090.0,15500,0,0,0,0,0,0,0,0,0,0,1,1,0,0
710,700454,1260.0,12000,0,0,0,0,0,0,0,0,0,0,1,0,1,0
711,720862,1060.0,15000,0,0,0,0,0,0,0,0,0,0,1,1,0,0
712,721838,1080.0,28000,0,0,0,0,0,0,0,0,0,0,1,0,1,0
713,720575,770.0,25000,0,0,0,0,0,0,0,0,0,0,1,0,1,0
714,710913,850.0,14000,0,0,0,0,0,0,0,0,0,0,1,0,1,0
715,598002,1100.0,4000,0,0,0,0,0,0,0,0,0,0,1,0,1,0
716,721142,970.0,19000,0,0,0,0,0,0,0,0,0,0,1,0,0,1
717,710859,1050.0,9000,0,0,0,0,0,0,0,0,0,0,1,0,1,0
718,723427,1080.0,28000,0,0,0,0,0,0,0,0,0,0,1,0,1,0
719,723507,1080.0,28000,0,0,0,0,0,0,0,0,0,0,1,0,1,0
720,723476,1080.0,28000,0,0,0,0,0,0,0,0,0,0,1,0,1,0
723,721019,900.0,18000,0,0,0,0,0,0,0,0,0,0,1,1,0,0
724,722686,1020.0,14500,0,0,0,0,0,0,0,0,0,0,1,1,0,0
726,722589,1020.0,14500,0,0,0,0,0,0,0,0,0,0,1,1,0,0
728,715431,1050.0,24000,0,0,0,0,0,0,0,0,0,0,1,0,1,0
729,712664,830.0,15000,0,0,0,0,0,0,0,0,0,0,1,0,1,0
730,722154,1060.0,15000,0,0,0,0,0,0,0,0,0,0,1,1,0,0
731,721555,1600.0,15000,0,0,0,0,0,0,0,0,0,0,1,0,1,0
732,721461,840.0,12000,0,0,0,0,0,0,0,0,0,0,1,0,0,1
733,722169,1060.0,15000,0,0,0,0,0,0,0,0,0,0,1,1,0,0
734,722653,1020.0,14500,0,0,0,0,0,0,0,0,0,0,1,1,0,0
735,710137,800.0,15000,0,0,0,0,0,0,0,0,0,0,1,1,0,0
736,694276,1080.0,28000,0,0,0,0,0,0,0,0,0,0,1,0,1,0
737,723633,1060.0,15000,0,0,0,0,0,0,0,0,0,0,1,1,0,0
738,722693,1020.0,14500,0,0,0,0,0,0,0,0,0,0,1,1,0,0
739,715385,850.0,14000,0,0,0,0,0,0,0,0,0,0,1,0,1,0
741,721456,700.0,1500,0,0,0,0,0,0,0,0,0,0,1,0,1,0
742,704251,1600.0,15000,0,0,0,0,0,0,0,0,0,0,1,0,1,0
743,718751,850.0,14000,0,0,0,0,0,0,0,0,0,0,1,0,1,0
744,722643,1105.0,15500,0,0,0,0,0,0,0,0,0,0,1,1,0,0
745,722699,1020.0,14500,0,0,0,0,0,0,0,0,0,0,1,1,0,0
746,723387,1080.0,28000,0,0,0,0,0,0,0,0,0,0,1,0,1,0
748,721102,970.0,19000,0,0,0,0,0,0,0,0,0,0,1,0,0,1
749,722587,1020.0,14500,0,0,0,0,0,0,0,0,0,0,1,1,0,0
750,723356,1080.0,28000,0,0,0,0,0,0,0,0,0,0,1,0,1,0
751,721141,1100.0,22000,0,0,0,0,0,0,0,0,0,0,1,0,1,0
752,719576,1030.0,28000,0,0,0,0,0,0,0,0,0,0,1,0,1,0
753,723436,1080.0,28000,0,0,0,0,0,0,0,0,0,0,1,0,1,0
754,722588,1020.0,14500,0,0,0,0,0,0,0,0,0,0,1,1,0,0
755,722505,1100.0,12000,0,0,0,0,0,0,0,0,0,0,1,1,0,0
756,721065,900.0,18000,0,0,0,0,0,0,0,0,0,0,1,1,0,0
757,719584,1740.0,22000,0,0,0,0,0,0,0,0,0,0,1,0,1,0
758,721632,750.0,13000,0,0,0,0,0,0,0,0,0,0,1,1,0,0
759,720319,700.0,12000,0,0,0,0,0,0,0,0,0,0,1,0,1,0
760,722590,1020.0,14500,0,0,0,0,0,0,0,0,0,0,1,1,0,0
761,721148,1280.0,17000,0,0,0,0,0,0,0,0,0,0,1,0,1,0
762,711114,800.0,10000,0,0,0,0,0,0,0,0,0,0,1,1,0,0
763,693347,1300.0,10000,0,0,0,0,0,0,0,0,0,0,1,0,1,0
764,694626,1350.0,10000,0,0,0,0,0,0,0,0,0,0,1,1,0,0
765,712660,935.0,10000,0,0,0,0,0,0,0,0,0,0,1,0,1,0
766,655592,1350.0,10000,0,0,0,0,0,0,0,0,0,0,1,1,0,0
767,722506,1000.0,10000,0,0,0,0,0,0,0,0,0,0,1,0,0,1
768,721577,800.0,10000,0,0,0,0,0,0,0,0,0,0,1,1,0,0
770,721617,800.0,10000,0,0,0,0,0,0,0,0,0,0,1,1,0,0
771,712492,935.0,10000,0,0,0,0,0,0,0,0,0,0,1,0,1,0
773,694413,1400.0,10000,0,0,0,0,0,0,0,0,0,0,1,1,0,0
774,651407,1370.0,20000,0,0,0,0,0,0,1,0,0,0,0,1,0,0
775,720103,1800.0,13000,0,0,0,0,0,0,0,0,0,0,1,0,1,0
776,721002,1500.0,15000,0,0,0,0,0,0,0,0,0,0,1,0,1,0
777,723614,1500.0,15000,0,0,0,0,0,0,0,0,0,0,1,0,1,0
778,722220,1550.0,13000,0,0,0,0,0,0,0,0,0,0,1,0,1,0
779,722133,1500.0,15000,0,0,0,0,0,0,0,0,0,0,1,0,1,0
780,722171,1500.0,15000,0,0,0,0,0,0,0,0,0,0,1,0,1,0
781,723611,1500.0,15000,0,0,0,0,0,0,0,0,0,0,1,0,1,0
782,722173,1500.0,15000,0,0,0,0,0,0,0,0,0,0,1,0,1,0
784,723574,1500.0,15000,0,0,0,0,0,0,0,0,0,0,1,0,1,0
785,723571,1500.0,15000,0,0,0,0,0,0,0,0,0,0,1,0,1,0
786,722131,1500.0,15000,0,0,0,0,0,0,0,0,0,0,1,0,1,0
787,707126,1400.0,15000,0,0,0,0,0,0,0,0,0,0,1,0,1,0
788,715320,1020.0,18000,0,0,0,0,0,0,0,0,0,0,1,1,0,0
789,714481,1800.0,13000,0,0,0,0,0,0,0,0,0,0,1,0,1,0
790,723187,1145.0,15000,0,0,0,0,0,0,0,0,0,0,1,0,1,0
792,721833,685.0,16500,0,1,0,0,0,0,0,0,0,0,0,0,1,0
793,701627,1300.0,22000,0,1,0,0,0,0,0,0,0,0,0,0,1,0
794,723190,800.0,6000,0,0,0,0,0,0,0,0,1,0,0,0,1,0
795,723522,1000.0,23000,0,0,0,0,0,0,0,0,1,0,0,0,1,0
796,719587,1030.0,24000,0,0,0,0,0,0,0,0,1,0,0,0,1,0
797,675039,750.0,8000,0,0,0,0,0,0,0,0,1,0,0,1,0,0
798,710998,1450.0,15000,0,0,0,0,0,0,0,0,1,0,0,0,1,0
799,715360,1450.0,15000,0,0,0,0,0,0,0,0,1,0,0,0,1,0
800,718734,920.0,22000,0,0,0,0,0,0,0,0,1,0,0,0,1,0
801,701625,870.0,16000,0,0,0,0,0,0,0,0,1,0,0,0,1,0
802,723693,800.0,9000,0,0,0,0,0,0,0,0,1,0,0,1,0,0
803,719607,1250.0,25000,0,0,0,0,0,0,0,0,1,0,0,0,1,0
804,652714,1100.0,22000,0,0,0,0,0,0,0,0,1,0,0,0,1,0
805,710888,1450.0,15000,0,0,0,0,0,0,0,0,1,0,0,0,1,0
806,722776,1042.0,13000,0,0,0,0,0,0,0,0,1,0,0,1,0,0
807,723709,850.0,12000,0,0,0,0,0,0,0,0,1,0,0,1,0,0
808,707366,1000.0,23000,0,0,0,0,0,0,0,0,1,0,0,0,1,0
809,716259,820.0,17000,0,0,0,0,0,0,0,0,1,0,0,0,0,1
810,722736,1042.0,13000,0,0,0,0,0,0,0,0,1,0,0,1,0,0
811,720297,1378.0,28000,0,0,0,0,0,0,0,0,1,0,0,0,1,0
812,651511,650.0,7500,0,0,0,0,0,0,0,0,1,0,0,1,0,0
813,720368,595.0,12000,0,0,0,0,0,0,0,0,1,0,0,0,1,0
814,723162,1040.0,21000,0,0,0,0,0,0,0,0,1,0,0,0,1,0
815,662376,950.0,12000,0,0,0,0,0,0,0,0,1,0,0,0,1,0
816,723669,850.0,12000,0,0,0,0,0,0,0,0,1,0,0,1,0,0
817,715816,850.0,12000,0,0,0,0,0,0,0,0,1,0,0,1,0,0
818,715430,1450.0,15000,0,0,0,0,0,0,0,0,1,0,0,0,1,0
819,715808,800.0,11000,0,0,0,0,0,0,0,0,1,0,0,0,1,0
820,723442,1000.0,23000,0,0,0,0,0,0,0,0,1,0,0,0,1,0
821,723653,800.0,9000,0,0,0,0,0,0,0,0,1,0,0,1,0,0
822,722957,650.0,7500,0,0,0,0,0,0,0,0,1,0,0,1,0,0
823,715470,1450.0,32000,0,0,0,0,0,0,0,0,1,0,0,0,1,0
824,723656,800.0,11000,0,0,0,0,0,0,0,0,1,0,0,0,1,0
825,681938,1330.0,27000,0,0,0,0,0,0,0,0,1,0,0,1,0,0
826,691097,1042.0,13000,0,0,0,0,0,0,0,0,1,0,0,1,0,0
827,722939,1100.0,22000,0,0,0,0,0,0,0,0,1,0,0,0,1,0
828,710958,1450.0,15000,0,0,0,0,0,0,0,0,1,0,0,0,1,0
829,720316,1400.0,29000,0,0,0,0,0,0,0,0,1,0,0,0,1,0
830,723141,1150.0,23000,0,0,0,0,0,0,0,0,1,0,0,0,1,0
831,720277,1250.0,25000,0,0,0,0,0,0,0,0,1,0,0,0,1,0
832,720131,900.0,20000,0,0,0,0,0,0,0,0,1,0,0,1,0,0
833,720191,900.0,20000,0,0,0,0,0,0,0,0,1,0,0,1,0,0
834,675020,800.0,10000,0,0,0,0,0,0,0,0,1,0,0,0,1,0
835,647646,1200.0,20000,0,0,0,0,0,0,0,0,1,0,0,0,1,0
836,723598,1350.0,30000,0,0,0,0,0,0,0,0,1,0,0,0,1,0
837,720161,900.0,20000,0,0,0,0,0,0,0,0,1,0,0,1,0,0
838,723638,1350.0,30000,0,0,0,0,0,0,0,0,1,0,0,0,1,0
839,698781,1400.0,29000,0,0,1,0,0,0,0,0,0,0,0,0,1,0
840,672746,1400.0,18000,0,0,0,0,0,0,0,0,1,0,0,1,0,0
841,715436,1330.0,26000,0,0,0,0,0,0,0,0,1,0,0,0,1,0
842,719599,1655.0,35000,0,0,0,0,0,0,0,0,1,0,0,0,1,0
843,597979,1000.0,12000,0,0,0,0,0,0,0,0,1,0,0,0,1,0
844,720311,1655.0,35000,0,0,0,0,0,0,0,0,1,0,0,0,1,0
845,721603,1100.0,25000,0,0,0,0,0,0,0,0,1,0,0,1,0,0
846,672365,1500.0,3500,0,0,0,0,0,0,0,0,1,0,0,0,1,0
847,721097,1200.0,33000,0,0,0,0,0,0,0,0,1,0,0,1,0,0
848,653672,1250.0,15000,0,0,0,0,0,0,0,0,1,0,0,0,1,0
849,675015,2200.0,26000,0,0,0,0,0,0,0,0,1,0,0,0,1,0
850,710925,1330.0,26000,0,0,0,0,0,0,0,0,1,0,0,0,1,0
851,651701,1350.0,27000,0,0,0,0,0,0,0,0,1,0,0,1,0,0
852,718754,1330.0,26000,0,0,0,0,0,0,0,0,1,0,0,0,1,0
853,677358,1160.0,28000,0,0,0,0,0,0,0,0,1,0,0,1,0,0
854,598019,1000.0,12000,0,0,0,0,0,0,0,0,1,0,0,0,1,0
855,652078,1250.0,25000,0,0,0,0,0,0,0,0,1,0,0,1,0,0
856,671787,1100.0,25000,0,0,0,0,0,0,0,0,1,0,0,1,0,0
857,661337,1600.0,22000,0,0,0,0,0,0,0,0,1,0,0,0,1,0
859,672363,1400.0,3500,0,0,0,0,0,0,0,0,1,0,0,0,1,0
860,715335,920.0,20000,0,0,0,0,0,0,0,0,1,0,0,0,1,0
861,721085,4550.0,100000,0,0,0,0,0,0,0,0,1,0,0,0,1,0
862,675565,2300.0,70000,0,0,0,0,0,0,0,0,1,0,0,0,1,0
863,721125,4550.0,100000,0,0,0,0,0,0,0,0,1,0,0,0,1,0
865,716865,4550.0,100000,0,0,0,0,0,0,0,0,1,0,0,0,1,0
867,597976,1000.0,10000,0,0,0,0,0,0,0,0,1,0,0,0,1,0
869,716885,2300.0,62000,0,0,0,0,0,0,0,0,1,0,0,1,0,0
870,661637,2000.0,35000,0,0,0,0,0,0,0,0,1,0,0,0,1,0
871,721095,2300.0,62000,0,0,0,0,0,0,0,0,1,0,0,1,0,0
872,720145,1700.0,35000,0,0,0,0,0,0,0,0,1,0,0,0,1,0
873,710434,2300.0,75000,0,0,0,0,0,0,0,0,1,0,0,1,0,0
874,715448,1000.0,19000,0,0,0,0,0,0,0,0,1,0,0,0,1,0
875,720183,1700.0,35000,0,0,0,0,0,0,0,0,1,0,0,0,1,0
876,710867,2900.0,35000,0,0,0,0,0,0,0,0,1,0,0,0,1,0
877,631236,2800.0,70000,0,0,0,0,0,0,0,0,1,0,0,1,0,0
878,710384,2800.0,70000,0,0,0,0,0,0,0,0,1,0,0,1,0,0
879,698768,1800.0,40000,0,0,0,0,0,0,0,0,1,0,0,0,0,1
880,720294,546.0,13000,0,0,0,0,0,0,0,0,1,0,0,0,1,0
881,679156,1500.0,23000,0,0,0,0,0,0,1,0,0,0,0,1,0,0
882,679314,1500.0,17000,0,0,0,0,0,0,1,0,0,0,0,1,0,0
883,723093,1280.0,24000,0,0,0,0,0,0,1,0,0,0,0,0,1,0
884,722812,1605.0,32000,0,0,0,0,0,0,1,0,0,0,0,0,0,1
885,711008,1300.0,23000,0,0,0,0,0,0,1,0,0,0,0,0,1,0
886,722942,2400.0,18000,0,0,0,0,0,0,1,0,0,0,0,1,0,0
887,712638,1210.0,25000,0,0,0,0,0,0,1,0,0,0,0,0,1,0
888,723242,1160.0,21500,0,0,0,0,0,0,1,0,0,0,0,1,0,0
889,720802,2000.0,35000,0,0,0,0,0,0,1,0,0,0,0,0,1,0
890,723053,1280.0,24000,0,0,0,0,0,0,1,0,0,0,0,0,1,0
891,721044,2250.0,35000,0,0,0,0,0,0,1,0,0,0,0,0,1,0
892,721560,2000.0,15000,0,0,0,0,0,0,1,0,0,0,0,0,0,1
893,723010,1700.0,28000,0,0,0,0,0,0,1,0,0,0,0,0,1,0
894,721088,1720.0,28000,0,0,0,0,0,0,1,0,0,0,0,0,1,0
895,718726,880.0,23000,0,0,0,0,0,0,1,0,0,0,0,0,1,0
896,723599,1640.0,35000,0,0,0,0,0,0,1,0,0,0,0,0,1,0
897,723639,1640.0,35000,0,0,0,0,0,0,1,0,0,0,0,0,1,0
898,718730,1280.0,27000,0,0,0,0,0,0,1,0,0,0,0,0,1,0
899,718771,2839.0,23000,0,0,0,0,0,0,1,0,0,0,0,0,1,0
900,722961,3318.0,27000,0,0,0,0,0,0,1,0,0,0,0,0,1,0
901,665560,840.0,12000,0,0,0,0,0,0,1,0,0,0,0,0,1,0
902,715423,1300.0,23000,0,0,0,0,0,0,1,0,0,0,0,0,1,0
903,712491,1560.0,32000,0,0,0,0,0,0,1,0,0,0,0,0,1,0
904,722747,1704.0,16000,0,0,0,0,0,0,1,0,0,0,0,1,0,0
905,723090,1350.0,23000,0,0,0,0,0,0,1,0,0,0,0,0,1,0
906,659137,1400.0,25000,0,0,0,0,0,0,1,0,0,0,0,0,1,0
907,721550,1340.0,26000,0,0,0,0,0,0,1,0,0,0,0,1,0,0
908,723241,1160.0,21500,0,0,0,0,0,0,1,0,0,0,0,1,0,0
909,720805,2000.0,35000,0,0,0,0,0,0,1,0,0,0,0,0,1,0
910,654893,1170.0,13000,0,0,0,0,0,0,1,0,0,0,0,1,0,0
911,722726,1870.0,19500,0,0,0,0,0,0,1,0,0,0,0,0,1,0
912,709029,2150.0,18000,0,0,0,0,0,0,1,0,0,0,0,1,0,0
913,679301,2000.0,15000,0,0,0,0,0,0,1,0,0,0,0,1,0,0
914,691124,1704.0,16000,0,0,0,0,0,0,1,0,0,0,0,1,0,0
915,722650,2150.0,18000,0,0,0,0,0,0,1,0,0,0,0,1,0,0
916,722787,1704.0,16000,0,0,0,0,0,0,1,0,0,0,0,1,0,0
917,655591,1935.0,21500,0,0,0,0,0,0,1,0,0,0,0,1,0,0
918,715353,2839.0,23000,0,0,0,0,0,0,1,0,0,0,0,0,1,0
919,721127,2250.0,35000,0,0,0,0,0,0,1,0,0,0,0,0,1,0
921,721087,2250.0,35000,0,0,0,0,0,0,1,0,0,0,0,0,1,0
922,710881,2839.0,23000,0,0,0,0,0,0,1,0,0,0,0,0,1,0
923,693743,1350.0,23000,0,0,0,0,0,0,1,0,0,0,0,0,1,0
924,675042,2000.0,15000,0,0,0,0,0,0,1,0,0,0,0,1,0,0
925,712418,1210.0,25000,0,0,0,0,0,0,1,0,0,0,0,0,1,0
926,710951,1300.0,23000,0,0,0,0,0,0,1,0,0,0,0,0,1,0
927,668726,1400.0,9000,0,0,0,0,0,0,1,0,0,0,0,0,1,0
928,712468,1210.0,25000,0,0,0,0,0,0,1,0,0,0,0,0,1,0
929,633310,1350.0,23000,0,0,0,0,0,0,1,0,0,0,0,0,1,0
930,668730,1400.0,9000,0,0,0,0,0,0,1,0,0,0,0,0,1,0
931,677772,1400.0,8000,0,0,0,0,0,0,1,0,0,0,0,1,0,0
932,720625,2070.0,23000,0,0,0,0,0,0,1,0,0,0,0,0,0,1
933,720804,2000.0,35000,0,0,0,0,0,0,1,0,0,0,0,0,1,0
934,721042,2250.0,35000,0,0,0,0,0,0,1,0,0,0,0,0,1,0
935,721600,2000.0,15000,0,0,0,0,0,0,1,0,0,0,0,0,0,1
936,695540,1200.0,15000,0,0,0,0,0,0,1,0,0,0,0,0,1,0
937,669593,3300.0,22000,0,0,0,0,0,0,1,0,0,0,0,0,1,0
938,651675,980.0,14000,0,0,0,0,0,0,1,0,0,0,0,1,0,0
939,671767,1800.0,20000,0,0,0,0,0,0,1,0,0,0,0,0,1,0
940,715827,2000.0,30000,0,0,0,0,0,0,1,0,0,0,0,0,1,0
941,723675,2000.0,30000,0,0,0,0,0,0,1,0,0,0,0,0,1,0
942,723012,1580.0,30000,0,0,0,0,0,0,1,0,0,0,0,1,0,0
943,723715,2000.0,30000,0,0,0,0,0,0,1,0,0,0,0,0,1,0
944,720807,3850.0,70000,0,0,0,0,0,0,1,0,0,0,0,1,0,0
945,721570,1800.0,20000,0,0,0,0,0,0,1,0,0,0,0,0,1,0
946,677335,1575.0,30000,0,0,0,0,0,0,1,0,0,0,0,0,0,1
947,721610,1800.0,20000,0,0,0,0,0,0,1,0,0,0,0,0,1,0
948,675716,1500.0,10000,0,0,0,0,0,0,1,0,0,0,0,0,1,0
949,721630,1500.0,30000,0,0,0,0,0,0,1,0,0,0,0,0,1,0
951,712641,1430.0,30000,0,0,0,0,0,0,1,0,0,0,0,1,0,0
952,721590,1500.0,30000,0,0,0,0,0,0,1,0,0,0,0,0,1,0
955,720255,2420.0,27000,0,0,0,0,0,0,1,0,0,0,0,1,0,0
956,720248,2420.0,27000,0,0,0,0,0,0,1,0,0,0,0,1,0,0
957,715026,1500.0,15000,0,0,0,0,0,0,1,0,0,0,0,0,1,0
958,649582,1710.0,17000,0,0,0,0,0,0,1,0,0,0,0,1,0,0
959,705506,1900.0,25000,0,0,0,0,0,0,1,0,0,0,0,1,0,0
960,721778,1900.0,25000,0,0,0,0,0,0,1,0,0,0,0,1,0,0
961,721160,850.0,15000,0,0,0,0,0,0,1,0,0,0,0,1,0,0
962,669953,1760.0,23000,0,0,0,0,0,0,1,0,0,0,0,1,0,0
963,704710,1100.0,7500,0,0,0,0,0,0,1,0,0,0,0,1,0,0
964,714474,1500.0,10000,0,0,0,0,0,0,1,0,0,0,0,1,0,0
965,722075,1070.0,15000,0,0,0,0,0,0,1,0,0,0,0,0,1,0
966,723324,500.0,5000,0,0,0,0,0,0,1,0,0,0,0,0,1,0
967,720230,2651.0,49000,0,0,0,0,0,0,1,0,0,0,0,0,1,0
968,723054,1240.0,14000,0,0,0,0,0,0,1,0,0,0,0,1,0,0
969,705481,1740.0,25000,0,0,0,0,0,0,1,0,0,0,0,0,1,0
970,720241,3842.0,45000,0,0,0,0,0,0,1,0,0,0,0,0,1,0
971,722887,1355.0,16000,0,0,0,0,0,0,1,0,0,0,0,0,1,0
972,723211,850.0,14000,0,0,0,0,0,0,1,0,0,0,0,0,1,0
973,723094,1240.0,14000,0,0,0,0,0,0,1,0,0,0,0,1,0,0
974,723210,570.0,6000,0,0,0,0,0,0,1,0,0,0,0,0,1,0
975,720281,3842.0,45000,0,0,0,0,0,0,1,0,0,0,0,0,1,0
976,722803,1355.0,16000,0,0,0,0,0,0,1,0,0,0,0,0,1,0
977,720423,1240.0,14000,0,0,0,0,0,0,1,0,0,0,0,1,0,0
978,723092,830.0,9000,0,0,0,0,0,0,1,0,0,0,0,1,0,0
979,649208,1235.0,15000,0,0,0,0,0,0,1,0,0,0,0,0,1,0
980,721782,1740.0,25000,0,0,0,0,0,0,1,0,0,0,0,0,1,0
981,723119,1776.0,20000,0,0,0,0,0,0,1,0,0,0,0,0,1,0
982,672763,1600.0,10000,0,0,0,0,0,0,1,0,0,0,0,0,1,0
983,721199,1132.0,10000,0,0,0,0,0,0,1,0,0,0,0,1,0,0
984,644218,1840.0,20000,0,0,0,0,0,0,1,0,0,0,0,0,1,0
985,672813,1600.0,10000,0,0,0,0,0,0,1,0,0,0,0,0,1,0
986,721761,2500.0,32000,0,0,0,0,0,0,1,0,0,0,0,1,0,0
987,723325,1000.0,9000,0,0,0,0,0,0,1,0,0,0,0,0,1,0
988,698849,1650.0,8000,0,0,0,0,0,0,1,0,0,0,0,0,1,0
989,723189,1200.0,9000,0,0,0,0,0,0,1,0,0,0,0,0,1,0
990,722975,1400.0,16000,0,0,0,0,0,0,1,0,0,0,0,1,0,0
991,722977,1450.0,17000,0,0,0,0,0,0,1,0,0,0,0,0,1,0
992,723116,1050.0,10000,0,0,0,0,0,0,1,0,0,0,0,0,1,0
993,723667,1500.0,13000,0,0,0,0,0,0,0,0,0,1,0,0,1,0
994,715814,1500.0,13000,0,0,0,0,0,0,0,0,0,1,0,0,1,0
995,723707,1500.0,13000,0,0,0,0,0,0,0,0,0,1,0,0,1,0
996,704135,1000.0,15000,0,0,1,0,0,0,0,0,0,0,0,0,1,0
997,701691,1700.0,27000,0,1,0,0,0,0,0,0,0,0,0,0,1,0
998,710966,1020.0,11000,0,1,0,0,0,0,0,0,0,0,0,0,1,0
1000,722750,495.0,6000,0,1,0,0,0,0,0,0,0,0,0,0,1,0
1003,722666,723.0,6000,0,1,0,0,0,0,0,0,0,0,0,0,1,0
1004,715438,1020.0,21000,0,1,0,0,0,0,0,0,0,0,0,0,1,0
1005,702732,600.0,12000,0,1,0,0,0,0,0,0,0,0,0,0,0,1
1006,723619,1300.0,26000,0,1,0,0,0,0,0,0,0,0,0,1,0,0
1007,722663,723.0,6000,0,1,0,0,0,0,0,0,0,0,0,0,1,0
1008,722790,495.0,6000,0,1,0,0,0,0,0,0,0,0,0,0,1,0
1009,718744,780.0,14000,0,1,0,0,0,0,0,0,0,0,0,0,1,0
1011,722140,1300.0,26000,0,1,0,0,0,0,0,0,0,0,0,1,0,0
1012,720650,600.0,21000,0,1,0,0,0,0,0,0,0,0,0,1,0,0
1013,720688,950.0,15000,0,1,0,0,0,0,0,0,0,0,0,0,1,0
1014,716940,970.0,14000,0,1,0,0,0,0,0,0,0,0,0,0,1,0
1015,723000,1120.0,15000,0,1,0,0,0,0,0,0,0,0,0,0,1,0
1016,722600,723.0,6000,0,1,0,0,0,0,0,0,0,0,0,0,1,0
1017,722093,710.0,15000,0,1,0,0,0,0,0,0,0,0,0,0,1,0
1018,723579,1300.0,26000,0,1,0,0,0,0,0,0,0,0,0,1,0,0
1019,720899,1300.0,26000,0,1,0,0,0,0,0,0,0,0,0,1,0,0
1020,651694,750.0,15000,0,1,0,0,0,0,0,0,0,0,0,0,1,0
1021,718760,1020.0,11000,0,1,0,0,0,0,0,0,0,0,0,0,1,0
1022,722706,723.0,6000,0,1,0,0,0,0,0,0,0,0,0,0,1,0
1023,710931,1020.0,11000,0,1,0,0,0,0,0,0,0,0,0,0,1,0
1024,722180,1300.0,26000,0,1,0,0,0,0,0,0,0,0,0,1,0,0
1025,720379,450.0,9000,0,1,0,0,0,0,0,0,0,0,0,0,1,0
1026,704136,1000.0,20000,0,0,1,0,0,0,0,0,0,0,0,0,1,0
1027,722573,1000.0,20000,0,1,0,0,0,0,0,0,0,0,0,0,0,1
1028,722615,450.0,10000,0,1,0,0,0,0,0,0,0,0,0,0,1,0
1029,722870,500.0,10000,0,1,0,0,0,0,0,0,0,0,0,0,1,0
1030,722574,1000.0,10000,0,1,0,0,0,0,0,0,0,0,0,0,1,0
1031,722571,1000.0,20000,0,1,0,0,0,0,0,0,0,0,0,0,1,0
1032,723110,1000.0,10000,0,1,0,0,0,0,0,0,0,0,0,0,1,0
1033,682689,1110.0,13000,0,0,0,0,0,0,0,0,0,1,0,0,1,0
1034,712454,885.0,16000,0,0,0,0,0,0,1,0,0,0,0,1,0,0
1035,700819,700.0,8000,0,0,0,0,0,0,0,0,0,1,0,0,1,0
1036,723359,700.0,8000,0,0,0,0,0,0,0,0,0,1,0,0,1,0
1037,723399,700.0,8000,0,0,0,0,0,0,0,0,0,1,0,0,1,0
1038,723479,700.0,8000,0,0,0,0,0,0,0,0,0,1,0,0,1,0
1039,723397,1580.0,48000,0,0,1,0,0,0,0,0,0,0,0,0,1,0
1040,649198,700.0,28000,0,0,1,0,0,0,0,0,0,0,0,1,0,0
1041,649221,810.0,27000,0,0,1,0,0,0,0,0,0,0,0,0,0,1
1042,679278,1300.0,16000,0,0,1,0,0,0,0,0,0,0,0,0,1,0
1043,665600,650.0,27000,0,0,1,0,0,0,0,0,0,0,0,0,1,0
1044,691080,1060.0,29000,0,0,1,0,0,0,0,0,0,0,0,1,0,0
1045,689869,650.0,25000,0,0,1,0,0,0,0,0,0,0,0,0,1,0
1046,712438,830.0,32000,0,0,1,0,0,0,0,0,0,0,0,1,0,0
1047,720185,1205.0,26000,0,0,1,0,0,0,0,0,0,0,0,1,0,0
1048,722847,920.0,29000,0,0,1,0,0,0,0,0,0,0,0,1,0,0
1051,681406,975.0,28000,0,0,1,0,0,0,0,0,0,0,0,0,1,0
1052,720578,1350.0,65000,0,0,1,0,0,0,0,0,0,0,0,0,1,0
1053,723143,650.0,27000,0,0,1,0,0,0,0,0,0,0,0,0,1,0
1054,722714,1060.0,29000,0,0,1,0,0,0,0,0,0,0,0,1,0,0
1055,654890,1240.0,25000,0,0,1,0,0,0,0,0,0,0,0,0,1,0
1056,721053,1600.0,7000,0,0,1,0,0,0,0,0,0,0,0,0,0,1
1058,723133,550.0,11000,0,0,1,0,0,0,0,0,0,0,0,0,1,0
1059,694113,1580.0,48000,0,0,1,0,0,0,0,0,0,0,0,0,1,0
1060,710375,1225.0,65000,0,0,1,0,0,0,0,0,0,0,0,0,1,0
1063,722962,1460.0,23000,0,0,1,0,0,0,0,0,0,0,0,1,0,0
1064,715002,650.0,27000,0,0,1,0,0,0,0,0,0,0,0,0,1,0
1065,722906,820.0,28000,0,0,1,0,0,0,0,0,0,0,0,0,1,0
1066,611493,1650.0,46000,0,0,1,0,0,0,0,0,0,0,0,1,0,0
1068,691100,680.0,22000,0,0,1,0,0,0,0,0,0,0,0,0,0,1
1071,722197,1210.0,45000,0,0,1,0,0,0,0,0,0,0,0,0,1,0
1072,723437,1580.0,48000,0,0,1,0,0,0,0,0,0,0,0,0,1,0
1073,710373,1050.0,45000,0,0,1,0,0,0,0,0,0,0,0,0,1,0
1074,698826,1450.0,35000,0,0,1,0,0,0,0,0,0,0,0,0,1,0
1075,722778,680.0,22000,0,0,1,0,0,0,0,0,0,0,0,0,0,1
1076,720591,1520.0,65000,0,0,1,0,0,0,0,0,0,0,0,0,1,0
1077,661642,1200.0,14000,0,0,1,0,0,0,0,0,0,0,0,1,0,0
1078,656433,1300.0,35000,0,0,1,0,0,0,0,0,0,0,0,1,0,0
1079,649223,920.0,29000,0,0,1,0,0,0,0,0,0,0,0,1,0,0
1080,720372,1330.0,65000,0,0,1,0,0,0,0,0,0,0,0,1,0,0
1081,597981,650.0,14000,0,0,1,0,0,0,0,0,0,0,0,0,0,1
1082,722813,1650.0,46000,0,0,1,0,0,0,0,0,0,0,0,1,0,0
1083,722846,810.0,27000,0,0,1,0,0,0,0,0,0,0,0,0,0,1
1084,722157,1210.0,45000,0,0,1,0,0,0,0,0,0,0,0,0,1,0
1085,723595,1210.0,41500,0,0,1,0,0,0,0,0,0,0,0,0,1,0
1087,722859,700.0,28000,0,0,1,0,0,0,0,0,0,0,0,1,0,0
1088,723428,1000.0,50000,0,0,1,0,0,0,0,0,0,0,0,0,1,0
1089,720097,1300.0,20000,0,0,1,0,0,0,0,0,0,0,0,0,1,0
1090,720686,1900.0,90000,0,0,1,0,0,0,0,0,0,0,0,0,1,0
1091,696361,2370.0,100000,0,0,1,0,0,0,0,0,0,0,0,0,1,0
1092,723417,2370.0,100000,0,0,1,0,0,0,0,0,0,0,0,0,1,0
1093,723497,2370.0,100000,0,0,1,0,0,0,0,0,0,0,0,0,1,0
1094,722791,1260.0,30000,0,0,1,0,0,0,0,0,0,0,0,0,1,0
1095,715821,2450.0,50000,0,0,1,0,0,0,0,0,0,0,0,1,0,0
1096,679325,900.0,10000,0,0,1,0,0,0,0,0,0,0,0,0,1,0
1097,723256,1279.0,50000,0,0,1,0,0,0,0,0,0,0,0,0,1,0
1098,720365,1330.0,50000,0,0,1,0,0,0,0,0,0,0,0,0,0,1
1099,722210,1000.0,50000,0,0,1,0,0,0,0,0,0,0,0,0,1,0
1100,711421,715.0,40000,0,0,1,0,0,0,0,0,0,0,0,1,0,0
1101,723377,2370.0,100000,0,0,1,0,0,0,0,0,0,0,0,0,1,0
1102,723308,1180.0,50000,0,0,1,0,0,0,0,0,0,0,0,0,1,0
1103,721832,1900.0,90000,0,0,1,0,0,0,0,0,0,0,0,0,1,0
1104,723457,2370.0,100000,0,0,1,0,0,0,0,0,0,0,0,0,1,0
1105,723337,2370.0,100000,0,0,1,0,0,0,0,0,0,0,0,0,1,0
1106,721562,1100.0,30000,0,0,1,0,0,0,0,0,0,0,0,0,1,0
1107,718693,1550.0,30000,0,0,1,0,0,0,0,0,0,0,0,0,1,0
1108,722751,1260.0,30000,0,0,1,0,0,0,0,0,0,0,0,0,1,0
1109,715807,2050.0,40000,0,0,1,0,0,0,0,0,0,0,0,0,0,1
1110,723689,2450.0,50000,0,0,1,0,0,0,0,0,0,0,0,1,0,0
1111,723649,2450.0,50000,0,0,1,0,0,0,0,0,0,0,0,1,0,0
1112,712408,640.0,6000,0,0,1,0,0,0,0,0,0,0,0,1,0,0
1113,721569,650.0,15000,0,0,1,0,0,0,0,0,0,0,0,0,1,0
1114,662359,800.0,12000,0,0,1,0,0,0,0,0,0,0,0,0,1,0
1115,722530,850.0,22000,0,0,1,0,0,0,0,0,0,0,0,0,1,0
1116,679347,900.0,11000,0,0,1,0,0,0,0,0,0,0,0,1,0,0
1117,720357,1250.0,29000,0,0,1,0,0,0,0,0,0,0,0,0,1,0
1118,720101,1700.0,25000,0,0,1,0,0,0,0,0,0,0,0,0,1,0
1119,710968,700.0,7000,0,0,1,0,0,0,0,0,0,0,0,0,1,0
1120,720327,1250.0,29000,0,0,1,0,0,0,0,0,0,0,0,0,1,0
1121,671766,650.0,15000,0,0,1,0,0,0,0,0,0,0,0,0,1,0
1122,723132,790.0,16000,0,0,1,0,0,0,0,0,0,0,0,0,1,0
1123,698816,970.0,21000,0,0,1,0,0,0,0,0,0,0,0,1,0,0
1124,715381,1180.0,37000,0,0,1,0,0,0,0,0,0,0,0,1,0,0
1125,684623,1120.0,31000,0,0,1,0,0,0,0,0,0,0,0,0,1,0
1127,710933,980.0,13000,0,0,1,0,0,0,0,0,0,0,0,0,1,0
1128,723185,700.0,15000,0,0,1,0,0,0,0,0,0,0,0,0,0,1
1129,679294,900.0,11000,0,0,1,0,0,0,0,0,0,0,0,1,0,0
1130,665591,790.0,16000,0,0,1,0,0,0,0,0,0,0,0,0,1,0
1132,720350,1000.0,38000,0,0,1,0,0,0,0,0,0,0,0,0,1,0
1133,659119,1040.0,21000,0,0,1,0,0,0,0,0,0,0,0,0,1,0
1134,723683,800.0,6000,0,0,1,0,0,0,0,0,0,0,0,1,0,0
1135,620015,1725.0,23000,0,0,1,0,0,0,0,0,0,0,0,0,1,0
1136,715796,800.0,6000,0,0,1,0,0,0,0,0,0,0,0,1,0,0
1137,662342,1000.0,8000,0,0,1,0,0,0,0,0,0,0,0,0,1,0
1138,712628,1050.0,25000,0,0,1,0,0,0,0,0,0,0,0,0,0,1
1140,672817,1470.0,25000,0,0,1,0,0,0,0,0,0,0,0,1,0,0
1141,715803,1400.0,25000,0,0,1,0,0,0,0,0,0,0,0,0,0,1
1142,714512,1310.0,35000,0,0,1,0,0,0,0,0,0,0,0,1,0,0
1143,675018,1750.0,23000,0,0,1,0,0,0,0,0,0,0,0,0,1,0
1144,710885,810.0,16000,0,0,1,0,0,0,0,0,0,0,0,0,1,0
1145,716970,850.0,22000,0,0,1,0,0,0,0,0,0,0,0,0,1,0
1148,651488,1450.0,30000,0,0,1,0,0,0,0,0,0,0,0,1,0,0
1150,715004,1200.0,30000,0,0,1,0,0,0,0,0,0,0,0,1,0,0
1151,722908,1080.0,30000,0,0,1,0,0,0,0,0,0,0,0,0,1,0
1152,722943,1450.0,30000,0,0,1,0,0,0,0,0,0,0,0,1,0,0
1154,681945,1080.0,30000,0,0,1,0,0,0,0,0,0,0,0,0,1,0
1155,691121,875.0,20000,0,0,1,0,0,0,0,0,0,0,0,0,0,1
1156,720142,1320.0,40000,0,0,1,0,0,0,0,0,0,0,0,0,1,0
1157,720156,1320.0,40000,0,0,1,0,0,0,0,0,0,0,0,0,1,0
1158,716864,870.0,20000,0,0,1,0,0,0,0,0,0,0,0,0,1,0
1159,722767,875.0,20000,0,0,1,0,0,0,0,0,0,0,0,0,0,1
1160,722727,875.0,20000,0,0,1,0,0,0,0,0,0,0,0,0,0,1
1161,715440,700.0,10000,0,0,1,0,0,0,0,0,0,0,0,0,1,0
1162,722820,1080.0,30000,0,0,1,0,0,0,0,0,0,0,0,0,1,0
1164,715048,1400.0,20000,0,0,1,0,0,0,0,0,0,0,0,0,1,0
1165,720186,1320.0,40000,0,0,1,0,0,0,0,0,0,0,0,0,1,0
1166,721113,1070.0,30000,0,0,1,0,0,0,0,0,0,0,0,1,0,0
1167,655377,1560.0,32000,0,0,1,0,0,0,0,0,0,0,0,0,1,0
1168,695560,800.0,17000,0,0,1,0,0,0,0,0,0,0,0,0,1,0
1169,716960,1850.0,35000,0,0,1,0,0,0,0,0,0,0,0,1,0,0
1172,722549,1850.0,35000,0,0,1,0,0,0,0,0,0,0,0,1,0,0
1173,720306,545.0,16000,0,0,1,0,0,0,0,0,0,0,0,1,0,0
1174,722783,1850.0,28000,0,0,1,0,0,0,0,0,0,0,0,1,0,0
1175,720237,728.0,23000,0,0,1,0,0,0,0,0,0,0,0,0,1,0
1176,723161,1300.0,26000,0,0,1,0,0,0,0,0,0,0,0,0,1,0
1177,691086,1150.0,23000,0,0,1,0,0,0,0,0,0,0,0,0,1,0
1178,598015,1800.0,12000,0,0,1,0,0,0,0,0,0,0,0,0,0,1
1179,682690,1350.0,22000,0,0,1,0,0,0,0,0,0,0,0,0,1,0
1180,597975,1800.0,25000,0,0,1,0,0,0,0,0,0,0,0,0,0,1
1181,628675,1645.0,25000,0,0,1,0,0,0,0,0,0,0,0,0,1,0
1184,665602,650.0,20000,0,0,1,0,0,0,0,0,0,0,0,0,1,0
1185,723163,1150.0,20000,0,0,1,0,0,0,0,0,0,0,0,0,1,0
1186,723184,630.0,10000,0,0,1,0,0,0,0,0,0,0,0,0,0,1
1187,722553,1070.0,10000,0,0,1,0,0,0,0,0,0,0,0,0,1,0
1189,723124,650.0,20000,0,0,1,0,0,0,0,0,0,0,0,0,1,0
1190,720114,1450.0,12000,0,0,0,1,0,0,0,0,0,0,0,0,1,0
1191,716980,1450.0,15000,0,0,0,1,0,0,0,0,0,0,0,0,1,0
1192,714496,1450.0,12000,0,0,0,1,0,0,0,0,0,0,0,0,1,0
1193,695526,1200.0,14000,0,0,0,1,0,0,0,0,0,0,0,0,1,0
1194,720576,1400.0,21000,0,0,0,0,1,0,0,0,0,0,0,0,1,0
1195,723369,1500.0,22000,0,0,0,0,1,0,0,0,0,0,0,0,1,0
1196,723294,1800.0,12000,0,0,0,0,1,0,0,0,0,0,0,0,1,0
1197,723491,1500.0,22000,0,0,0,0,1,0,0,0,0,0,0,0,1,0
1198,720819,1450.0,21000,0,0,0,0,1,0,0,0,0,0,0,0,1,0
1199,723529,1500.0,22000,0,0,0,0,1,0,0,0,0,0,0,0,1,0
1200,719877,1500.0,22000,0,0,0,0,1,0,0,0,0,0,0,0,1,0
1201,721835,1500.0,22000,0,0,0,0,1,0,0,0,0,0,0,0,1,0
1202,723371,1500.0,22000,0,0,0,0,1,0,0,0,0,0,0,0,1,0
1203,723413,1500.0,22000,0,0,0,0,1,0,0,0,0,0,0,0,1,0
1204,723453,1500.0,22000,0,0,0,0,1,0,0,0,0,0,0,0,1,0
1205,721834,1500.0,22000,0,0,0,0,1,0,0,0,0,0,0,0,1,0
1206,723531,1500.0,22000,0,0,0,0,1,0,0,0,0,0,0,0,1,0
1207,723533,1500.0,22000,0,0,0,0,1,0,0,0,0,0,0,0,1,0
1208,723449,1500.0,22000,0,0,0,0,1,0,0,0,0,0,0,0,1,0
1209,710989,1000.0,9000,0,0,0,1,0,0,0,0,0,0,0,0,1,0
1210,715414,1000.0,9000,0,0,0,1,0,0,0,0,0,0,0,0,1,0
1211,721005,935.0,12000,0,0,0,0,1,0,0,0,0,0,0,0,1,0
1212,721198,730.0,8000,0,0,0,0,1,0,0,0,0,0,0,0,1,0
1214,710401,1800.0,20000,1,0,0,0,0,0,0,0,0,0,0,0,1,0
1215,710451,1800.0,20000,1,0,0,0,0,0,0,0,0,0,0,0,1,0
1216,705494,3350.0,40000,1,0,0,0,0,0,0,0,0,0,0,0,1,0
1217,723003,2550.0,19000,1,0,0,0,0,0,0,0,0,0,0,0,1,0
1218,722662,1680.0,20000,1,0,0,0,0,0,0,0,0,0,0,0,1,0
1219,722702,1680.0,20000,1,0,0,0,0,0,0,0,0,0,0,0,1,0
1220,722705,1680.0,20000,1,0,0,0,0,0,0,0,0,0,0,0,1,0
1221,722592,1680.0,20000,1,0,0,0,0,0,0,0,0,0,0,0,1,0
1222,720263,620.0,10000,0,0,0,0,0,0,0,0,0,0,1,0,1,0
1223,720601,1723.0,20000,0,0,0,0,0,0,0,0,0,0,1,0,1,0
1224,720665,870.0,19000,0,0,0,0,0,0,0,0,0,1,0,0,1,0
1225,715770,1350.0,23000,0,0,1,0,0,0,0,0,0,0,0,0,1,0
1226,706858,1050.0,47000,0,0,1,0,0,0,0,0,0,0,0,0,1,0
1227,717883,1300.0,19000,1,0,0,0,0,0,0,0,0,0,0,0,1,0
1228,721096,1300.0,20000,0,0,1,0,0,0,0,0,0,0,0,0,1,0
